Subject;Area;Word_ID;Accuracy;Type;Word_ID_num;resp_resp
1;cedx;alto;0;Critical_lure;3;1
1;cedx;freddo;0;Critical_lure;35;1
1;cedx;fumo;0;Critical_lure;36;1
1;cedx;giustizia;0;Critical_lure;42;1
1;cedx;lampada;0;Critical_lure;51;1
1;cedx;lento;0;Critical_lure;52;1
1;cedx;penna;0;Critical_lure;64;1
1;cedx;sedia;0;Critical_lure;87;1
1;cedx;basso;1;Studied_word;10;1
1;cedx;calmo;1;Studied_word;14;1
1;cedx;calore;1;Studied_word;15;1
1;cedx;desiderio;1;Studied_word;22;1
1;cedx;equita';0;Studied_word;29;0
1;cedx;ghiaccio;1;Studied_word;39;1
1;cedx;gigante;1;Studied_word;40;1
1;cedx;grattacielo;1;Studied_word;44;1
1;cedx;inchiostro;1;Studied_word;45;1
1;cedx;inquinamento;1;Studied_word;46;1
1;cedx;luce;1;Studied_word;53;1
1;cedx;pioggia;1;Studied_word;68;1
1;cedx;pipa;1;Studied_word;69;1
1;cedx;piuma;1;Studied_word;70;1
1;cedx;polizia;1;Studied_word;72;1
1;cedx;polmoni;1;Studied_word;73;1
1;cedx;poltrona;1;Studied_word;74;1
1;cedx;privata;0;Studied_word;76;0
1;cedx;scomoda;1;Studied_word;85;1
1;cedx;scuola;1;Studied_word;86;1
1;cedx;tavolo;1;Studied_word;89;1
1;cedx;tiepido;0;Studied_word;91;0
1;cedx;valzer;0;Studied_word;94;0
1;cedx;veloce;1;Studied_word;96;1
1;cedx;bello;0;Unrelated;11;1
1;cedx;caramella;1;Unrelated;17;0
1;cedx;crosata;1;Unrelated;21;0
1;cedx;dolce;0;Unrelated;24;1
1;cedx;dolere;1;Unrelated;26;0
1;cedx;donna;1;Unrelated;28;0
1;cedx;forza;1;Unrelated;34;0
1;cedx;furioso;1;Unrelated;38;0
1;cedx;ira;1;Unrelated;47;0
1;cedx;malcontento;1;Unrelated;54;0
1;cedx;piede;1;Unrelated;67;0
1;cedx;rabbia;1;Unrelated;77;0
1;cedx;ritmo;0;Unrelated;81;1
1;cedx;sapore;1;Unrelated;83;0
1;cedx;scarpa;1;Unrelated;84;0
1;cedx;uomo;1;Unrelated;93;0
1;cz;ago;0;Critical_lure;1;1
1;cz;amaro;0;Critical_lure;4;1
1;cz;bandiera;0;Critical_lure;8;1
1;cz;fiume;0;Critical_lure;31;1
1;cz;ladro;0;Critical_lure;50;1
1;cz;musica;0;Critical_lure;60;1
1;cz;ragno;0;Critical_lure;79;1
1;cz;soffice;0;Critical_lure;88;1
1;cz;alcolico;0;Studied_word;2;0
1;cz;arpa;0;Studied_word;5;0
1;cz;assassino;1;Studied_word;6;1
1;cz;asta;1;Studied_word;7;1
1;cz;bandito;1;Studied_word;9;1
1;cz;cammello;1;Studied_word;16;1
1;cz;concerto;1;Studied_word;19;1
1;cz;corrente;1;Studied_word;20;1
1;cz;digerire;1;Studied_word;23;1
1;cz;dolce;1;Studied_word;24;1
1;cz;dolore;1;Studied_word;27;1
1;cz;filo;0;Studied_word;30;0
1;cz;foce;1;Studied_word;32;1
1;cz;furfante;1;Studied_word;37;1
1;cz;italia;1;Studied_word;48;1
1;cz;italiana;1;Studied_word;49;1
1;cz;materasso;1;Studied_word;56;1
1;cz;morbido;1;Studied_word;58;1
1;cz;mosca;1;Studied_word;59;1
1;cz;nota;1;Studied_word;61;1
1;cz;pesce;0;Studied_word;65;0
1;cz;piume;1;Studied_word;71;1
1;cz;tela;1;Studied_word;90;1
1;cz;velenoso;1;Studied_word;95;1
1;cz;bucata;1;Unrelated;12;0
1;cz;caldo;0;Unrelated;13;1
1;cz;carina;1;Unrelated;18;0
1;cz;forno;1;Unrelated;33;0
1;cz;giovane;0;Unrelated;41;1
1;cz;gomma;1;Unrelated;43;0
1;cz;masticare;1;Unrelated;55;0
1;cz;monarchia;1;Unrelated;57;0
1;cz;pane;1;Unrelated;62;0
1;cz;pasta;1;Unrelated;63;0
1;cz;piacevole;1;Unrelated;66;0
1;cz;potere;1;Unrelated;75;0
1;cz;ragazza;1;Unrelated;78;0
1;cz;re;1;Unrelated;80;0
1;cz;ruota;0;Unrelated;82;1
1;cz;trono;1;Unrelated;92;0
2;cedx;ago;0;Critical_lure;1;1
2;cedx;amaro;0;Critical_lure;4;1
2;cedx;bandiera;0;Critical_lure;8;1
2;cedx;fiume;0;Critical_lure;31;1
2;cedx;ladro;1;Critical_lure;50;0
2;cedx;musica;0;Critical_lure;60;1
2;cedx;ragno;0;Critical_lure;79;1
2;cedx;soffice;1;Critical_lure;88;0
2;cedx;alcolico;0;Studied_word;2;0
2;cedx;arpa;1;Studied_word;5;1
2;cedx;assassino;1;Studied_word;6;1
2;cedx;asta;1;Studied_word;7;1
2;cedx;bandito;1;Studied_word;9;1
2;cedx;cammello;0;Studied_word;16;0
2;cedx;concerto;1;Studied_word;19;1
2;cedx;corrente;1;Studied_word;20;1
2;cedx;digerire;1;Studied_word;23;1
2;cedx;dolce;1;Studied_word;24;1
2;cedx;dolore;1;Studied_word;27;1
2;cedx;filo;1;Studied_word;30;1
2;cedx;foce;1;Studied_word;32;1
2;cedx;furfante;1;Studied_word;37;1
2;cedx;italia;1;Studied_word;48;1
2;cedx;italiana;0;Studied_word;49;0
2;cedx;materasso;1;Studied_word;56;1
2;cedx;morbido;1;Studied_word;58;1
2;cedx;mosca;1;Studied_word;59;1
2;cedx;nota;0;Studied_word;61;0
2;cedx;pesce;0;Studied_word;65;0
2;cedx;piume;1;Studied_word;71;1
2;cedx;tela;1;Studied_word;90;1
2;cedx;velenoso;0;Studied_word;95;0
2;cedx;bucata;1;Unrelated;12;0
2;cedx;caldo;1;Unrelated;13;0
2;cedx;carina;1;Unrelated;18;0
2;cedx;forno;1;Unrelated;33;0
2;cedx;giovane;1;Unrelated;41;0
2;cedx;gomma;1;Unrelated;43;0
2;cedx;masticare;1;Unrelated;55;0
2;cedx;monarchia;1;Unrelated;57;0
2;cedx;pane;1;Unrelated;62;0
2;cedx;pasta;1;Unrelated;63;0
2;cedx;piacevole;1;Unrelated;66;0
2;cedx;potere;1;Unrelated;75;0
2;cedx;ragazza;1;Unrelated;78;0
2;cedx;re;1;Unrelated;80;0
2;cedx;ruota;1;Unrelated;82;0
2;cedx;trono;1;Unrelated;92;0
2;cz;alto;1;Critical_lure;3;0
2;cz;freddo;1;Critical_lure;35;0
2;cz;fumo;0;Critical_lure;36;1
2;cz;giustizia;0;Critical_lure;42;1
2;cz;lampada;0;Critical_lure;51;1
2;cz;lento;0;Critical_lure;52;1
2;cz;penna;1;Critical_lure;64;0
2;cz;sedia;1;Critical_lure;87;0
2;cz;basso;1;Studied_word;10;1
2;cz;calmo;0;Studied_word;14;0
2;cz;calore;1;Studied_word;15;1
2;cz;desiderio;1;Studied_word;22;1
2;cz;equita';1;Studied_word;29;1
2;cz;ghiaccio;1;Studied_word;39;1
2;cz;gigante;1;Studied_word;40;1
2;cz;grattacielo;1;Studied_word;44;1
2;cz;inchiostro;1;Studied_word;45;1
2;cz;inquinamento;1;Studied_word;46;1
2;cz;luce;1;Studied_word;53;1
2;cz;pioggia;1;Studied_word;68;1
2;cz;pipa;1;Studied_word;69;1
2;cz;piuma;1;Studied_word;70;1
2;cz;polizia;1;Studied_word;72;1
2;cz;polmoni;1;Studied_word;73;1
2;cz;poltrona;0;Studied_word;74;0
2;cz;privata;1;Studied_word;76;1
2;cz;scomoda;0;Studied_word;85;0
2;cz;scuola;1;Studied_word;86;1
2;cz;tavolo;1;Studied_word;89;1
2;cz;tiepido;0;Studied_word;91;0
2;cz;valzer;1;Studied_word;94;1
2;cz;veloce;1;Studied_word;96;1
2;cz;bello;1;Unrelated;11;0
2;cz;caramella;1;Unrelated;17;0
2;cz;crosata;1;Unrelated;21;0
2;cz;dolce;0;Unrelated;25;1
2;cz;dolere;1;Unrelated;26;0
2;cz;donna;1;Unrelated;28;0
2;cz;forza;1;Unrelated;34;0
2;cz;furioso;1;Unrelated;38;0
2;cz;ira;1;Unrelated;47;0
2;cz;malcontento;1;Unrelated;54;0
2;cz;piede;1;Unrelated;67;0
2;cz;rabbia;1;Unrelated;77;0
2;cz;ritmo;1;Unrelated;81;0
2;cz;sapore;1;Unrelated;83;0
2;cz;scarpa;1;Unrelated;84;0
2;cz;uomo;1;Unrelated;93;0
3;cedx;ago;1;Critical_lure;1;0
3;cedx;amaro;1;Critical_lure;4;0
3;cedx;bandiera;0;Critical_lure;8;1
3;cedx;fiume;0;Critical_lure;31;1
3;cedx;ladro;1;Critical_lure;50;0
3;cedx;musica;1;Critical_lure;60;0
3;cedx;ragno;1;Critical_lure;79;0
3;cedx;soffice;1;Critical_lure;88;0
3;cedx;alcolico;1;Studied_word;2;1
3;cedx;arpa;1;Studied_word;5;1
3;cedx;assassino;1;Studied_word;6;1
3;cedx;asta;1;Studied_word;7;1
3;cedx;bandito;0;Studied_word;9;0
3;cedx;cammello;1;Studied_word;16;1
3;cedx;concerto;1;Studied_word;19;1
3;cedx;corrente;1;Studied_word;20;1
3;cedx;digerire;0;Studied_word;23;0
3;cedx;dolce;1;Studied_word;24;1
3;cedx;dolore;1;Studied_word;27;1
3;cedx;filo;1;Studied_word;30;1
3;cedx;foce;1;Studied_word;32;1
3;cedx;furfante;1;Studied_word;37;1
3;cedx;italia;1;Studied_word;48;1
3;cedx;italiana;1;Studied_word;49;1
3;cedx;materasso;1;Studied_word;56;1
3;cedx;morbido;1;Studied_word;58;1
3;cedx;mosca;1;Studied_word;59;1
3;cedx;nota;0;Studied_word;61;0
3;cedx;pesce;1;Studied_word;65;1
3;cedx;piume;1;Studied_word;71;1
3;cedx;tela;1;Studied_word;90;1
3;cedx;velenoso;1;Studied_word;95;1
3;cedx;bucata;1;Unrelated;12;0
3;cedx;caldo;1;Unrelated;13;0
3;cedx;carina;1;Unrelated;18;0
3;cedx;forno;1;Unrelated;33;0
3;cedx;giovane;1;Unrelated;41;0
3;cedx;gomma;1;Unrelated;43;0
3;cedx;masticare;1;Unrelated;55;0
3;cedx;monarchia;1;Unrelated;57;0
3;cedx;pane;1;Unrelated;62;0
3;cedx;pasta;1;Unrelated;63;0
3;cedx;piacevole;1;Unrelated;66;0
3;cedx;potere;1;Unrelated;75;0
3;cedx;ragazza;1;Unrelated;78;0
3;cedx;re;1;Unrelated;80;0
3;cedx;ruota;1;Unrelated;82;0
3;cedx;trono;1;Unrelated;92;0
3;cz;alto;1;Critical_lure;3;0
3;cz;freddo;1;Critical_lure;35;0
3;cz;fumo;0;Critical_lure;36;1
3;cz;giustizia;0;Critical_lure;42;1
3;cz;lampada;1;Critical_lure;51;0
3;cz;lento;1;Critical_lure;52;0
3;cz;penna;1;Critical_lure;64;0
3;cz;sedia;1;Critical_lure;87;0
3;cz;basso;1;Studied_word;10;1
3;cz;calmo;0;Studied_word;14;0
3;cz;calore;0;Studied_word;15;0
3;cz;desiderio;1;Studied_word;22;1
3;cz;equita';1;Studied_word;29;1
3;cz;ghiaccio;1;Studied_word;39;1
3;cz;gigante;1;Studied_word;40;1
3;cz;grattacielo;1;Studied_word;44;1
3;cz;inchiostro;1;Studied_word;45;1
3;cz;inquinamento;1;Studied_word;46;1
3;cz;luce;1;Studied_word;53;1
3;cz;pioggia;1;Studied_word;68;1
3;cz;pipa;1;Studied_word;69;1
3;cz;piuma;1;Studied_word;70;1
3;cz;polizia;1;Studied_word;72;1
3;cz;polmoni;1;Studied_word;73;1
3;cz;poltrona;0;Studied_word;74;0
3;cz;privata;1;Studied_word;76;1
3;cz;scomoda;0;Studied_word;85;0
3;cz;scuola;1;Studied_word;86;1
3;cz;tavolo;1;Studied_word;89;1
3;cz;tiepido;0;Studied_word;91;0
3;cz;valzer;1;Studied_word;94;1
3;cz;veloce;1;Studied_word;96;1
3;cz;bello;1;Unrelated;11;0
3;cz;caramella;1;Unrelated;17;0
3;cz;crosata;1;Unrelated;21;0
3;cz;dolce;0;Unrelated;25;1
3;cz;dolere;1;Unrelated;26;0
3;cz;donna;1;Unrelated;28;0
3;cz;forza;1;Unrelated;34;0
3;cz;furioso;1;Unrelated;38;0
3;cz;ira;1;Unrelated;47;0
3;cz;malcontento;1;Unrelated;54;0
3;cz;piede;1;Unrelated;67;0
3;cz;rabbia;1;Unrelated;77;0
3;cz;ritmo;0;Unrelated;81;1
3;cz;sapore;1;Unrelated;83;0
3;cz;scarpa;1;Unrelated;84;0
3;cz;uomo;1;Unrelated;93;0
4;cedx;alto;1;Critical_lure;3;0
4;cedx;freddo;1;Critical_lure;35;0
4;cedx;fumo;1;Critical_lure;36;0
4;cedx;giustizia;1;Critical_lure;42;0
4;cedx;lampada;1;Critical_lure;51;0
4;cedx;lento;1;Critical_lure;52;0
4;cedx;penna;0;Critical_lure;64;1
4;cedx;sedia;1;Critical_lure;87;0
4;cedx;basso;1;Studied_word;10;1
4;cedx;calmo;1;Studied_word;14;1
4;cedx;calore;1;Studied_word;15;1
4;cedx;desiderio;1;Studied_word;22;1
4;cedx;equita';1;Studied_word;29;1
4;cedx;ghiaccio;1;Studied_word;39;1
4;cedx;gigante;0;Studied_word;40;0
4;cedx;grattacielo;1;Studied_word;44;1
4;cedx;inchiostro;1;Studied_word;45;1
4;cedx;inquinamento;1;Studied_word;46;1
4;cedx;luce;1;Studied_word;53;1
4;cedx;pioggia;1;Studied_word;68;1
4;cedx;pipa;1;Studied_word;69;1
4;cedx;piuma;1;Studied_word;70;1
4;cedx;polizia;1;Studied_word;72;1
4;cedx;polmoni;1;Studied_word;73;1
4;cedx;poltrona;1;Studied_word;74;1
4;cedx;privata;1;Studied_word;76;1
4;cedx;scomoda;1;Studied_word;85;1
4;cedx;scuola;0;Studied_word;86;0
4;cedx;tavolo;1;Studied_word;89;1
4;cedx;tiepido;1;Studied_word;91;1
4;cedx;valzer;1;Studied_word;94;1
4;cedx;veloce;1;Studied_word;96;1
4;cedx;bello;1;Unrelated;11;0
4;cedx;caramella;1;Unrelated;17;0
4;cedx;crosata;1;Unrelated;21;0
4;cedx;dolce;0;Unrelated;25;1
4;cedx;dolere;1;Unrelated;26;0
4;cedx;donna;1;Unrelated;28;0
4;cedx;forza;1;Unrelated;34;0
4;cedx;furioso;1;Unrelated;38;0
4;cedx;ira;1;Unrelated;47;0
4;cedx;malcontento;1;Unrelated;54;0
4;cedx;piede;1;Unrelated;67;0
4;cedx;rabbia;1;Unrelated;77;0
4;cedx;ritmo;1;Unrelated;81;0
4;cedx;sapore;1;Unrelated;83;0
4;cedx;scarpa;1;Unrelated;84;0
4;cedx;uomo;1;Unrelated;93;0
4;cz;ago;1;Critical_lure;1;0
4;cz;amaro;1;Critical_lure;4;0
4;cz;bandiera;1;Critical_lure;8;0
4;cz;fiume;0;Critical_lure;31;1
4;cz;ladro;1;Critical_lure;50;0
4;cz;musica;1;Critical_lure;60;0
4;cz;ragno;0;Critical_lure;79;1
4;cz;soffice;1;Critical_lure;88;0
4;cz;alcolico;1;Studied_word;2;1
4;cz;arpa;1;Studied_word;5;1
4;cz;assassino;1;Studied_word;6;1
4;cz;asta;1;Studied_word;7;1
4;cz;bandito;1;Studied_word;9;1
4;cz;cammello;1;Studied_word;16;1
4;cz;concerto;1;Studied_word;19;1
4;cz;corrente;1;Studied_word;20;1
4;cz;digerire;1;Studied_word;23;1
4;cz;dolce;1;Studied_word;24;1
4;cz;dolore;1;Studied_word;27;1
4;cz;filo;1;Studied_word;30;1
4;cz;foce;1;Studied_word;32;1
4;cz;furfante;1;Studied_word;37;1
4;cz;italia;1;Studied_word;48;1
4;cz;italiana;1;Studied_word;49;1
4;cz;materasso;1;Studied_word;56;1
4;cz;morbido;1;Studied_word;58;1
4;cz;mosca;1;Studied_word;59;1
4;cz;nota;0;Studied_word;61;0
4;cz;pesce;1;Studied_word;65;1
4;cz;piume;1;Studied_word;71;1
4;cz;tela;1;Studied_word;90;1
4;cz;velenoso;1;Studied_word;95;1
4;cz;bucata;1;Unrelated;12;0
4;cz;caldo;1;Unrelated;13;0
4;cz;carina;1;Unrelated;18;0
4;cz;forno;1;Unrelated;33;0
4;cz;giovane;1;Unrelated;41;0
4;cz;gomma;1;Unrelated;43;0
4;cz;masticare;1;Unrelated;55;0
4;cz;monarchia;1;Unrelated;57;0
4;cz;pane;1;Unrelated;62;0
4;cz;pasta;1;Unrelated;63;0
4;cz;piacevole;1;Unrelated;66;0
4;cz;potere;1;Unrelated;75;0
4;cz;ragazza;1;Unrelated;78;0
4;cz;re;1;Unrelated;80;0
4;cz;ruota;1;Unrelated;82;0
4;cz;trono;1;Unrelated;92;0
5;cedx;alto;0;Critical_lure;3;1
5;cedx;freddo;1;Critical_lure;35;0
5;cedx;fumo;0;Critical_lure;36;1
5;cedx;giustizia;0;Critical_lure;42;1
5;cedx;lampada;0;Critical_lure;51;1
5;cedx;lento;0;Critical_lure;52;1
5;cedx;penna;0;Critical_lure;64;1
5;cedx;sedia;0;Critical_lure;87;1
5;cedx;basso;1;Studied_word;10;1
5;cedx;calmo;1;Studied_word;14;1
5;cedx;calore;1;Studied_word;15;1
5;cedx;desiderio;1;Studied_word;22;1
5;cedx;equita';1;Studied_word;29;1
5;cedx;ghiaccio;1;Studied_word;39;1
5;cedx;gigante;1;Studied_word;40;1
5;cedx;grattacielo;1;Studied_word;44;1
5;cedx;inchiostro;1;Studied_word;45;1
5;cedx;inquinamento;1;Studied_word;46;1
5;cedx;luce;1;Studied_word;53;1
5;cedx;pioggia;0;Studied_word;68;0
5;cedx;pipa;1;Studied_word;69;1
5;cedx;piuma;0;Studied_word;70;0
5;cedx;polizia;1;Studied_word;72;1
5;cedx;polmoni;0;Studied_word;73;0
5;cedx;poltrona;0;Studied_word;74;0
5;cedx;privata;0;Studied_word;76;0
5;cedx;scomoda;1;Studied_word;85;1
5;cedx;scuola;1;Studied_word;86;1
5;cedx;tavolo;1;Studied_word;89;1
5;cedx;tiepido;0;Studied_word;91;0
5;cedx;valzer;1;Studied_word;94;1
5;cedx;veloce;1;Studied_word;96;1
5;cedx;bello;1;Unrelated;11;0
5;cedx;caramella;1;Unrelated;17;0
5;cedx;crosata;1;Unrelated;21;0
5;cedx;dolce;1;Unrelated;25;0
5;cedx;dolere;0;Unrelated;26;1
5;cedx;donna;1;Unrelated;28;0
5;cedx;forza;1;Unrelated;34;0
5;cedx;furioso;1;Unrelated;38;0
5;cedx;ira;1;Unrelated;47;0
5;cedx;malcontento;1;Unrelated;54;0
5;cedx;piede;1;Unrelated;67;0
5;cedx;rabbia;1;Unrelated;77;0
5;cedx;ritmo;0;Unrelated;81;1
5;cedx;sapore;1;Unrelated;83;0
5;cedx;scarpa;1;Unrelated;84;0
5;cedx;uomo;1;Unrelated;93;0
5;cz;ago;1;Critical_lure;1;0
5;cz;amaro;1;Critical_lure;4;0
5;cz;bandiera;0;Critical_lure;8;1
5;cz;fiume;0;Critical_lure;31;1
5;cz;ladro;1;Critical_lure;50;0
5;cz;musica;1;Critical_lure;60;0
5;cz;ragno;1;Critical_lure;79;0
5;cz;soffice;0;Critical_lure;88;1
5;cz;alcolico;0;Studied_word;2;0
5;cz;arpa;1;Studied_word;5;1
5;cz;assassino;0;Studied_word;6;0
5;cz;asta;1;Studied_word;7;1
5;cz;bandito;0;Studied_word;9;0
5;cz;cammello;0;Studied_word;16;0
5;cz;concerto;1;Studied_word;19;1
5;cz;corrente;0;Studied_word;20;0
5;cz;digerire;1;Studied_word;23;1
5;cz;dolce;0;Studied_word;24;0
5;cz;dolore;0;Studied_word;27;0
5;cz;filo;1;Studied_word;30;1
5;cz;foce;1;Studied_word;32;1
5;cz;furfante;1;Studied_word;37;1
5;cz;italia;1;Studied_word;48;1
5;cz;italiana;1;Studied_word;49;1
5;cz;materasso;1;Studied_word;56;1
5;cz;morbido;1;Studied_word;58;1
5;cz;mosca;1;Studied_word;59;1
5;cz;nota;0;Studied_word;61;0
5;cz;pesce;0;Studied_word;65;0
5;cz;piume;1;Studied_word;71;1
5;cz;tela;1;Studied_word;90;1
5;cz;velenoso;0;Studied_word;95;0
5;cz;bucata;1;Unrelated;12;0
5;cz;caldo;1;Unrelated;13;0
5;cz;carina;1;Unrelated;18;0
5;cz;forno;1;Unrelated;33;0
5;cz;giovane;0;Unrelated;41;1
5;cz;gomma;1;Unrelated;43;0
5;cz;masticare;1;Unrelated;55;0
5;cz;monarchia;1;Unrelated;57;0
5;cz;pane;1;Unrelated;62;0
5;cz;pasta;1;Unrelated;63;0
5;cz;piacevole;1;Unrelated;66;0
5;cz;potere;1;Unrelated;75;0
5;cz;ragazza;1;Unrelated;78;0
5;cz;re;1;Unrelated;80;0
5;cz;ruota;1;Unrelated;82;0
5;cz;trono;1;Unrelated;92;0
6;cedx;ago;0;Critical_lure;1;1
6;cedx;amaro;0;Critical_lure;4;1
6;cedx;bandiera;0;Critical_lure;8;1
6;cedx;fiume;0;Critical_lure;31;1
6;cedx;ladro;0;Critical_lure;50;1
6;cedx;musica;0;Critical_lure;60;1
6;cedx;ragno;0;Critical_lure;79;1
6;cedx;soffice;0;Critical_lure;88;1
6;cedx;alcolico;1;Studied_word;2;1
6;cedx;arpa;1;Studied_word;5;1
6;cedx;assassino;1;Studied_word;6;1
6;cedx;asta;1;Studied_word;7;1
6;cedx;bandito;1;Studied_word;9;1
6;cedx;cammello;1;Studied_word;16;1
6;cedx;concerto;1;Studied_word;19;1
6;cedx;corrente;1;Studied_word;20;1
6;cedx;digerire;1;Studied_word;23;1
6;cedx;dolce;1;Studied_word;24;1
6;cedx;dolore;0;Studied_word;27;0
6;cedx;filo;1;Studied_word;30;1
6;cedx;foce;1;Studied_word;32;1
6;cedx;furfante;1;Studied_word;37;1
6;cedx;italia;1;Studied_word;48;1
6;cedx;italiana;1;Studied_word;49;1
6;cedx;materasso;1;Studied_word;56;1
6;cedx;morbido;1;Studied_word;58;1
6;cedx;mosca;1;Studied_word;59;1
6;cedx;nota;1;Studied_word;61;1
6;cedx;pesce;0;Studied_word;65;0
6;cedx;piume;1;Studied_word;71;1
6;cedx;tela;1;Studied_word;90;1
6;cedx;velenoso;0;Studied_word;95;0
6;cedx;bucata;1;Unrelated;12;0
6;cedx;caldo;0;Unrelated;13;1
6;cedx;carina;1;Unrelated;18;0
6;cedx;forno;1;Unrelated;33;0
6;cedx;giovane;1;Unrelated;41;0
6;cedx;gomma;1;Unrelated;43;0
6;cedx;masticare;1;Unrelated;55;0
6;cedx;monarchia;1;Unrelated;57;0
6;cedx;pane;1;Unrelated;62;0
6;cedx;pasta;1;Unrelated;63;0
6;cedx;piacevole;1;Unrelated;66;0
6;cedx;potere;1;Unrelated;75;0
6;cedx;ragazza;1;Unrelated;78;0
6;cedx;re;1;Unrelated;80;0
6;cedx;ruota;1;Unrelated;82;0
6;cedx;trono;1;Unrelated;92;0
6;cz;alto;0;Critical_lure;3;1
6;cz;freddo;0;Critical_lure;35;1
6;cz;fumo;0;Critical_lure;36;1
6;cz;giustizia;0;Critical_lure;42;1
6;cz;lampada;0;Critical_lure;51;1
6;cz;lento;0;Critical_lure;52;1
6;cz;penna;0;Critical_lure;64;1
6;cz;rabbia;0;Unrelated;77;1
6;cz;sedia;0;Critical_lure;87;1
6;cz;basso;1;Studied_word;10;1
6;cz;calmo;1;Studied_word;14;1
6;cz;calore;1;Studied_word;15;1
6;cz;desiderio;1;Studied_word;22;1
6;cz;equita';1;Studied_word;29;1
6;cz;ghiaccio;1;Studied_word;39;1
6;cz;gigante;0;Studied_word;40;0
6;cz;grattacielo;1;Studied_word;44;1
6;cz;inchiostro;1;Studied_word;45;1
6;cz;inquinamento;1;Studied_word;46;1
6;cz;luce;1;Studied_word;53;1
6;cz;pioggia;1;Studied_word;68;1
6;cz;pipa;1;Studied_word;69;1
6;cz;piuma;1;Studied_word;70;1
6;cz;polizia;1;Studied_word;72;1
6;cz;polmoni;1;Studied_word;73;1
6;cz;poltrona;1;Studied_word;74;1
6;cz;privata;0;Studied_word;76;0
6;cz;scomoda;1;Studied_word;85;1
6;cz;scuola;1;Studied_word;86;1
6;cz;tavolo;1;Studied_word;89;1
6;cz;tiepido;1;Studied_word;91;1
6;cz;valzer;1;Studied_word;94;1
6;cz;veloce;1;Studied_word;96;1
6;cz;bello;1;Unrelated;11;0
6;cz;caramella;1;Unrelated;17;0
6;cz;crosata;1;Unrelated;21;0
6;cz;dolce;0;Unrelated;25;1
6;cz;dolere;1;Unrelated;26;0
6;cz;donna;1;Unrelated;28;0
6;cz;forza;1;Unrelated;34;0
6;cz;furioso;1;Unrelated;38;0
6;cz;ira;1;Unrelated;47;0
6;cz;malcontento;1;Unrelated;54;0
6;cz;piede;1;Unrelated;67;0
6;cz;ritmo;1;Unrelated;81;0
6;cz;sapore;1;Unrelated;83;0
6;cz;scarpa;1;Unrelated;84;0
6;cz;uomo;1;Unrelated;93;0
7;cedx;ago;1;Critical_lure;1;0
7;cedx;amaro;1;Critical_lure;4;0
7;cedx;bandiera;0;Critical_lure;8;1
7;cedx;fiume;1;Critical_lure;31;0
7;cedx;ladro;1;Critical_lure;50;0
7;cedx;musica;1;Critical_lure;60;0
7;cedx;ragno;1;Critical_lure;79;0
7;cedx;soffice;1;Critical_lure;88;0
7;cedx;alcolico;0;Studied_word;2;0
7;cedx;arpa;1;Studied_word;5;1
7;cedx;assassino;1;Studied_word;6;1
7;cedx;asta;1;Studied_word;7;1
7;cedx;bandito;1;Studied_word;9;1
7;cedx;cammello;1;Studied_word;16;1
7;cedx;concerto;1;Studied_word;19;1
7;cedx;corrente;1;Studied_word;20;1
7;cedx;digerire;1;Studied_word;23;1
7;cedx;dolce;1;Studied_word;24;1
7;cedx;dolore;1;Studied_word;27;1
7;cedx;filo;1;Studied_word;30;1
7;cedx;foce;1;Studied_word;32;1
7;cedx;furfante;1;Studied_word;37;1
7;cedx;italia;1;Studied_word;48;1
7;cedx;italiana;1;Studied_word;49;1
7;cedx;materasso;1;Studied_word;56;1
7;cedx;morbido;1;Studied_word;58;1
7;cedx;mosca;1;Studied_word;59;1
7;cedx;nota;1;Studied_word;61;1
7;cedx;pesce;1;Studied_word;65;1
7;cedx;piume;1;Studied_word;71;1
7;cedx;tela;1;Studied_word;90;1
7;cedx;velenoso;1;Studied_word;95;1
7;cedx;bucata;1;Unrelated;12;0
7;cedx;caldo;0;Unrelated;13;1
7;cedx;carina;1;Unrelated;18;0
7;cedx;forno;1;Unrelated;33;0
7;cedx;giovane;1;Unrelated;41;0
7;cedx;gomma;0;Unrelated;43;1
7;cedx;masticare;1;Unrelated;55;0
7;cedx;monarchia;0;Unrelated;57;1
7;cedx;pane;1;Unrelated;62;0
7;cedx;pasta;1;Unrelated;63;0
7;cedx;piacevole;1;Unrelated;66;0
7;cedx;potere;1;Unrelated;75;0
7;cedx;ragazza;1;Unrelated;78;0
7;cedx;re;1;Unrelated;80;0
7;cedx;ruota;1;Unrelated;82;0
7;cedx;trono;1;Unrelated;92;0
7;cz;alto;1;Critical_lure;3;0
7;cz;freddo;0;Critical_lure;35;1
7;cz;fumo;1;Critical_lure;36;0
7;cz;giustizia;0;Critical_lure;42;1
7;cz;lampada;1;Critical_lure;51;0
7;cz;lento;1;Critical_lure;52;0
7;cz;penna;1;Critical_lure;64;0
7;cz;sedia;1;Critical_lure;87;0
7;cz;basso;1;Studied_word;10;1
7;cz;calmo;0;Studied_word;14;0
7;cz;calore;1;Studied_word;15;1
7;cz;desiderio;1;Studied_word;22;1
7;cz;equita';1;Studied_word;29;1
7;cz;ghiaccio;1;Studied_word;39;1
7;cz;gigante;1;Studied_word;40;1
7;cz;grattacielo;1;Studied_word;44;1
7;cz;inchiostro;1;Studied_word;45;1
7;cz;inquinamento;1;Studied_word;46;1
7;cz;luce;1;Studied_word;53;1
7;cz;pioggia;0;Studied_word;68;0
7;cz;pipa;1;Studied_word;69;1
7;cz;piuma;1;Studied_word;70;1
7;cz;polizia;0;Studied_word;72;0
7;cz;polmoni;1;Studied_word;73;1
7;cz;poltrona;1;Studied_word;74;1
7;cz;privata;1;Studied_word;76;1
7;cz;scomoda;1;Studied_word;85;1
7;cz;scuola;1;Studied_word;86;1
7;cz;tavolo;1;Studied_word;89;1
7;cz;tiepido;1;Studied_word;91;1
7;cz;valzer;1;Studied_word;94;1
7;cz;veloce;1;Studied_word;96;1
7;cz;bello;1;Unrelated;11;0
7;cz;caramella;1;Unrelated;17;0
7;cz;crosata;1;Unrelated;21;0
7;cz;dolce;1;Unrelated;25;0
7;cz;dolere;1;Unrelated;26;0
7;cz;donna;1;Unrelated;28;0
7;cz;forza;1;Unrelated;34;0
7;cz;furioso;0;Unrelated;38;1
7;cz;ira;1;Unrelated;47;0
7;cz;malcontento;1;Unrelated;54;0
7;cz;piede;1;Unrelated;67;0
7;cz;rabbia;0;Unrelated;77;1
7;cz;ritmo;0;Unrelated;81;1
7;cz;sapore;0;Unrelated;83;1
7;cz;scarpa;1;Unrelated;84;0
7;cz;uomo;1;Unrelated;93;0
8;cedx;alto;1;Critical_lure;3;0
8;cedx;freddo;1;Critical_lure;35;0
8;cedx;fumo;1;Critical_lure;36;0
8;cedx;giustizia;0;Critical_lure;42;1
8;cedx;lampada;0;Critical_lure;51;1
8;cedx;lento;0;Critical_lure;52;1
8;cedx;penna;0;Critical_lure;64;1
8;cedx;sedia;0;Critical_lure;87;1
8;cedx;basso;1;Studied_word;10;1
8;cedx;calmo;1;Studied_word;14;1
8;cedx;calore;1;Studied_word;15;1
8;cedx;desiderio;1;Studied_word;22;1
8;cedx;equita';1;Studied_word;29;1
8;cedx;ghiaccio;1;Studied_word;39;1
8;cedx;gigante;1;Studied_word;40;1
8;cedx;grattacielo;1;Studied_word;44;1
8;cedx;inchiostro;1;Studied_word;45;1
8;cedx;inquinamento;1;Studied_word;46;1
8;cedx;luce;1;Studied_word;53;1
8;cedx;pioggia;1;Studied_word;68;1
8;cedx;pipa;1;Studied_word;69;1
8;cedx;piuma;1;Studied_word;70;1
8;cedx;polizia;1;Studied_word;72;1
8;cedx;polmoni;1;Studied_word;73;1
8;cedx;poltrona;1;Studied_word;74;1
8;cedx;privata;1;Studied_word;76;1
8;cedx;scomoda;1;Studied_word;85;1
8;cedx;scuola;1;Studied_word;86;1
8;cedx;tavolo;1;Studied_word;89;1
8;cedx;tiepido;1;Studied_word;91;1
8;cedx;valzer;1;Studied_word;94;1
8;cedx;veloce;1;Studied_word;96;1
8;cedx;bello;1;Unrelated;11;0
8;cedx;caramella;1;Unrelated;17;0
8;cedx;crosata;1;Unrelated;21;0
8;cedx;dolce;0;Unrelated;25;1
8;cedx;dolere;1;Unrelated;26;0
8;cedx;donna;1;Unrelated;28;0
8;cedx;forza;1;Unrelated;34;0
8;cedx;furioso;1;Unrelated;38;0
8;cedx;ira;1;Unrelated;47;0
8;cedx;malcontento;1;Unrelated;54;0
8;cedx;piede;1;Unrelated;67;0
8;cedx;rabbia;1;Unrelated;77;0
8;cedx;ritmo;0;Unrelated;81;1
8;cedx;sapore;1;Unrelated;83;0
8;cedx;scarpa;1;Unrelated;84;0
8;cedx;uomo;1;Unrelated;93;0
8;cz;ago;0;Critical_lure;1;1
8;cz;amaro;0;Critical_lure;4;1
8;cz;bandiera;1;Critical_lure;8;0
8;cz;fiume;1;Critical_lure;31;0
8;cz;ladro;0;Critical_lure;50;1
8;cz;musica;0;Critical_lure;60;1
8;cz;ragno;1;Critical_lure;79;0
8;cz;soffice;1;Critical_lure;88;0
8;cz;alcolico;1;Studied_word;2;1
8;cz;arpa;1;Studied_word;5;1
8;cz;assassino;1;Studied_word;6;1
8;cz;asta;1;Studied_word;7;1
8;cz;bandito;1;Studied_word;9;1
8;cz;cammello;1;Studied_word;16;1
8;cz;concerto;1;Studied_word;19;1
8;cz;corrente;1;Studied_word;20;1
8;cz;digerire;1;Studied_word;23;1
8;cz;dolce;1;Studied_word;24;1
8;cz;dolore;0;Studied_word;27;0
8;cz;filo;1;Studied_word;30;1
8;cz;foce;1;Studied_word;32;1
8;cz;furfante;1;Studied_word;37;1
8;cz;italia;1;Studied_word;48;1
8;cz;italiana;1;Studied_word;49;1
8;cz;materasso;1;Studied_word;56;1
8;cz;morbido;1;Studied_word;58;1
8;cz;mosca;1;Studied_word;59;1
8;cz;nota;1;Studied_word;61;1
8;cz;pesce;1;Studied_word;65;1
8;cz;piume;1;Studied_word;71;1
8;cz;tela;1;Studied_word;90;1
8;cz;velenoso;1;Studied_word;95;1
8;cz;bucata;1;Unrelated;12;0
8;cz;caldo;1;Unrelated;13;0
8;cz;carina;1;Unrelated;18;0
8;cz;forno;1;Unrelated;33;0
8;cz;giovane;1;Unrelated;41;0
8;cz;gomma;1;Unrelated;43;0
8;cz;masticare;1;Unrelated;55;0
8;cz;monarchia;1;Unrelated;57;0
8;cz;pane;1;Unrelated;62;0
8;cz;pasta;1;Unrelated;63;0
8;cz;piacevole;1;Unrelated;66;0
8;cz;potere;1;Unrelated;75;0
8;cz;ragazza;1;Unrelated;78;0
8;cz;re;1;Unrelated;80;0
8;cz;ruota;1;Unrelated;82;0
8;cz;trono;1;Unrelated;92;0
9;cedx;alto;1;Critical_lure;3;0
9;cedx;freddo;1;Critical_lure;35;0
9;cedx;fumo;0;Critical_lure;36;1
9;cedx;giustizia;0;Critical_lure;42;1
9;cedx;lampada;0;Critical_lure;51;1
9;cedx;lento;0;Critical_lure;52;1
9;cedx;penna;0;Critical_lure;64;1
9;cedx;sedia;0;Critical_lure;87;1
9;cedx;basso;1;Studied_word;10;1
9;cedx;calmo;1;Studied_word;14;1
9;cedx;calore;1;Studied_word;15;1
9;cedx;desiderio;1;Studied_word;22;1
9;cedx;equita';0;Studied_word;29;0
9;cedx;ghiaccio;1;Studied_word;39;1
9;cedx;gigante;1;Studied_word;40;1
9;cedx;grattacielo;1;Studied_word;44;1
9;cedx;inchiostro;1;Studied_word;45;1
9;cedx;inquinamento;1;Studied_word;46;1
9;cedx;luce;1;Studied_word;53;1
9;cedx;pioggia;1;Studied_word;68;1
9;cedx;pipa;1;Studied_word;69;1
9;cedx;piuma;1;Studied_word;70;1
9;cedx;polizia;1;Studied_word;72;1
9;cedx;polmoni;1;Studied_word;73;1
9;cedx;poltrona;1;Studied_word;74;1
9;cedx;privata;1;Studied_word;76;1
9;cedx;scomoda;1;Studied_word;85;1
9;cedx;scuola;1;Studied_word;86;1
9;cedx;tavolo;1;Studied_word;89;1
9;cedx;tiepido;1;Studied_word;91;1
9;cedx;valzer;1;Studied_word;94;1
9;cedx;veloce;1;Studied_word;96;1
9;cedx;bello;1;Unrelated;11;0
9;cedx;caramella;1;Unrelated;17;0
9;cedx;crosata;1;Unrelated;21;0
9;cedx;dolce;1;Unrelated;25;0
9;cedx;dolere;1;Unrelated;26;0
9;cedx;donna;1;Unrelated;28;0
9;cedx;forza;1;Unrelated;34;0
9;cedx;furioso;1;Unrelated;38;0
9;cedx;ira;1;Unrelated;47;0
9;cedx;malcontento;1;Unrelated;54;0
9;cedx;piede;1;Unrelated;67;0
9;cedx;rabbia;1;Unrelated;77;0
9;cedx;ritmo;1;Unrelated;81;0
9;cedx;sapore;1;Unrelated;83;0
9;cedx;scarpa;1;Unrelated;84;0
9;cedx;uomo;1;Unrelated;93;0
9;cz;ago;1;Critical_lure;1;0
9;cz;amaro;0;Critical_lure;4;1
9;cz;bandiera;0;Critical_lure;8;1
9;cz;fiume;1;Critical_lure;31;0
9;cz;ladro;1;Critical_lure;50;0
9;cz;musica;1;Critical_lure;60;0
9;cz;ragno;1;Critical_lure;79;0
9;cz;soffice;1;Critical_lure;88;0
9;cz;alcolico;1;Studied_word;2;1
9;cz;arpa;1;Studied_word;5;1
9;cz;assassino;1;Studied_word;6;1
9;cz;asta;1;Studied_word;7;1
9;cz;bandito;1;Studied_word;9;1
9;cz;cammello;1;Studied_word;16;1
9;cz;concerto;1;Studied_word;19;1
9;cz;corrente;1;Studied_word;20;1
9;cz;digerire;1;Studied_word;23;1
9;cz;dolce;1;Studied_word;24;1
9;cz;dolore;1;Studied_word;27;1
9;cz;filo;1;Studied_word;30;1
9;cz;foce;1;Studied_word;32;1
9;cz;furfante;1;Studied_word;37;1
9;cz;italia;1;Studied_word;48;1
9;cz;italiana;1;Studied_word;49;1
9;cz;materasso;1;Studied_word;56;1
9;cz;morbido;1;Studied_word;58;1
9;cz;mosca;1;Studied_word;59;1
9;cz;nota;1;Studied_word;61;1
9;cz;pesce;1;Studied_word;65;1
9;cz;piume;1;Studied_word;71;1
9;cz;tela;0;Studied_word;90;0
9;cz;velenoso;1;Studied_word;95;1
9;cz;bucata;1;Unrelated;12;0
9;cz;caldo;1;Unrelated;13;0
9;cz;carina;1;Unrelated;18;0
9;cz;forno;1;Unrelated;33;0
9;cz;giovane;1;Unrelated;41;0
9;cz;gomma;1;Unrelated;43;0
9;cz;masticare;1;Unrelated;55;0
9;cz;monarchia;1;Unrelated;57;0
9;cz;pane;1;Unrelated;62;0
9;cz;pasta;1;Unrelated;63;0
9;cz;piacevole;1;Unrelated;66;0
9;cz;potere;1;Unrelated;75;0
9;cz;ragazza;1;Unrelated;78;0
9;cz;re;1;Unrelated;80;0
9;cz;ruota;1;Unrelated;82;0
9;cz;trono;1;Unrelated;92;0
10;cedx;ago;1;Critical_lure;1;0
10;cedx;amaro;0;Critical_lure;4;1
10;cedx;bandiera;0;Critical_lure;8;1
10;cedx;fiume;1;Critical_lure;31;0
10;cedx;ladro;0;Critical_lure;50;1
10;cedx;musica;0;Critical_lure;60;1
10;cedx;ragno;0;Critical_lure;79;1
10;cedx;soffice;0;Critical_lure;88;1
10;cedx;alcolico;1;Studied_word;2;1
10;cedx;arpa;1;Studied_word;5;1
10;cedx;assassino;1;Studied_word;6;1
10;cedx;asta;1;Studied_word;7;1
10;cedx;bandito;1;Studied_word;9;1
10;cedx;cammello;1;Studied_word;16;1
10;cedx;concerto;1;Studied_word;19;1
10;cedx;corrente;1;Studied_word;20;1
10;cedx;digerire;1;Studied_word;23;1
10;cedx;dolce;1;Studied_word;24;1
10;cedx;dolore;1;Studied_word;27;1
10;cedx;filo;1;Studied_word;30;1
10;cedx;foce;1;Studied_word;32;1
10;cedx;furfante;1;Studied_word;37;1
10;cedx;italia;1;Studied_word;48;1
10;cedx;italiana;1;Studied_word;49;1
10;cedx;materasso;1;Studied_word;56;1
10;cedx;morbido;1;Studied_word;58;1
10;cedx;mosca;0;Studied_word;59;0
10;cedx;nota;1;Studied_word;61;1
10;cedx;pesce;1;Studied_word;65;1
10;cedx;piume;1;Studied_word;71;1
10;cedx;tela;1;Studied_word;90;1
10;cedx;velenoso;1;Studied_word;95;1
10;cedx;bucata;1;Unrelated;12;0
10;cedx;caldo;1;Unrelated;13;0
10;cedx;carina;1;Unrelated;18;0
10;cedx;forno;1;Unrelated;33;0
10;cedx;giovane;1;Unrelated;41;0
10;cedx;gomma;1;Unrelated;43;0
10;cedx;masticare;1;Unrelated;55;0
10;cedx;monarchia;1;Unrelated;57;0
10;cedx;pane;1;Unrelated;62;0
10;cedx;pasta;1;Unrelated;63;0
10;cedx;piacevole;1;Unrelated;66;0
10;cedx;potere;1;Unrelated;75;0
10;cedx;ragazza;1;Unrelated;78;0
10;cedx;re;1;Unrelated;80;0
10;cedx;ruota;1;Unrelated;82;0
10;cedx;trono;1;Unrelated;92;0
10;cz;alto;1;Critical_lure;3;0
10;cz;freddo;0;Critical_lure;35;1
10;cz;fumo;0;Critical_lure;36;1
10;cz;giustizia;1;Critical_lure;42;0
10;cz;lampada;0;Critical_lure;51;1
10;cz;lento;1;Critical_lure;52;0
10;cz;penna;1;Critical_lure;64;0
10;cz;sedia;1;Critical_lure;87;0
10;cz;basso;1;Studied_word;10;1
10;cz;calmo;0;Studied_word;14;0
10;cz;calore;1;Studied_word;15;1
10;cz;desiderio;1;Studied_word;22;1
10;cz;equita';1;Studied_word;29;1
10;cz;ghiaccio;1;Studied_word;39;1
10;cz;gigante;1;Studied_word;40;1
10;cz;grattacielo;1;Studied_word;44;1
10;cz;inchiostro;1;Studied_word;45;1
10;cz;inquinamento;1;Studied_word;46;1
10;cz;luce;1;Studied_word;53;1
10;cz;pioggia;0;Studied_word;68;0
10;cz;pipa;1;Studied_word;69;1
10;cz;piuma;1;Studied_word;70;1
10;cz;polizia;1;Studied_word;72;1
10;cz;polmoni;0;Studied_word;73;0
10;cz;poltrona;1;Studied_word;74;1
10;cz;privata;0;Studied_word;76;0
10;cz;scomoda;1;Studied_word;85;1
10;cz;scuola;1;Studied_word;86;1
10;cz;tavolo;1;Studied_word;89;1
10;cz;tiepido;1;Studied_word;91;1
10;cz;valzer;0;Studied_word;94;0
10;cz;veloce;1;Studied_word;96;1
10;cz;bello;1;Unrelated;11;0
10;cz;caramella;1;Unrelated;17;0
10;cz;crosata;1;Unrelated;21;0
10;cz;dolce;0;Unrelated;25;1
10;cz;dolere;1;Unrelated;26;0
10;cz;donna;1;Unrelated;28;0
10;cz;forza;1;Unrelated;34;0
10;cz;furioso;1;Unrelated;38;0
10;cz;ira;1;Unrelated;47;0
10;cz;malcontento;1;Unrelated;54;0
10;cz;piede;1;Unrelated;67;0
10;cz;rabbia;1;Unrelated;77;0
10;cz;ritmo;0;Unrelated;81;1
10;cz;sapore;1;Unrelated;83;0
10;cz;scarpa;1;Unrelated;84;0
10;cz;uomo;1;Unrelated;93;0
11;cedx;alto;0;Critical_lure;3;1
11;cedx;freddo;0;Critical_lure;35;1
11;cedx;fumo;0;Critical_lure;36;1
11;cedx;giustizia;0;Critical_lure;42;1
11;cedx;lampada;1;Critical_lure;51;0
11;cedx;lento;0;Critical_lure;52;1
11;cedx;penna;1;Critical_lure;64;0
11;cedx;sedia;1;Critical_lure;87;0
11;cedx;basso;1;Studied_word;10;1
11;cedx;calmo;0;Studied_word;14;0
11;cedx;calore;0;Studied_word;15;0
11;cedx;desiderio;0;Studied_word;22;0
11;cedx;equita';0;Studied_word;29;0
11;cedx;ghiaccio;1;Studied_word;39;1
11;cedx;gigante;0;Studied_word;40;0
11;cedx;grattacielo;0;Studied_word;44;0
11;cedx;inchiostro;1;Studied_word;45;1
11;cedx;inquinamento;0;Studied_word;46;0
11;cedx;luce;1;Studied_word;53;1
11;cedx;pioggia;1;Studied_word;68;1
11;cedx;pipa;1;Studied_word;69;1
11;cedx;piuma;1;Studied_word;70;1
11;cedx;polizia;1;Studied_word;72;1
11;cedx;polmoni;0;Studied_word;73;0
11;cedx;poltrona;0;Studied_word;74;0
11;cedx;privata;1;Studied_word;76;1
11;cedx;scomoda;0;Studied_word;85;0
11;cedx;scuola;1;Studied_word;86;1
11;cedx;tavolo;1;Studied_word;89;1
11;cedx;tiepido;1;Studied_word;91;1
11;cedx;valzer;1;Studied_word;94;1
11;cedx;veloce;0;Studied_word;96;0
11;cedx;bello;1;Unrelated;11;0
11;cedx;caramella;1;Unrelated;17;0
11;cedx;crosata;1;Unrelated;21;0
11;cedx;dolce;1;Unrelated;25;0
11;cedx;dolere;1;Unrelated;26;0
11;cedx;donna;1;Unrelated;28;0
11;cedx;forza;1;Unrelated;34;0
11;cedx;furioso;1;Unrelated;38;0
11;cedx;ira;1;Unrelated;47;0
11;cedx;malcontento;1;Unrelated;54;0
11;cedx;piede;1;Unrelated;67;0
11;cedx;rabbia;1;Unrelated;77;0
11;cedx;ritmo;0;Unrelated;81;1
11;cedx;sapore;1;Unrelated;83;0
11;cedx;scarpa;1;Unrelated;84;0
11;cedx;uomo;1;Unrelated;93;0
11;cz;ago;1;Critical_lure;1;0
11;cz;amaro;0;Critical_lure;4;1
11;cz;bandiera;0;Critical_lure;8;1
11;cz;fiume;1;Critical_lure;31;0
11;cz;ladro;0;Critical_lure;50;1
11;cz;musica;1;Critical_lure;60;0
11;cz;ragno;0;Critical_lure;79;1
11;cz;soffice;1;Critical_lure;88;0
11;cz;alcolico;0;Studied_word;2;0
11;cz;arpa;1;Studied_word;5;1
11;cz;assassino;0;Studied_word;6;0
11;cz;asta;1;Studied_word;7;1
11;cz;bandito;1;Studied_word;9;1
11;cz;cammello;1;Studied_word;16;1
11;cz;concerto;1;Studied_word;19;1
11;cz;corrente;0;Studied_word;20;0
11;cz;digerire;1;Studied_word;23;1
11;cz;dolce;1;Studied_word;24;1
11;cz;dolore;0;Studied_word;27;0
11;cz;filo;1;Studied_word;30;1
11;cz;foce;0;Studied_word;32;0
11;cz;furfante;1;Studied_word;37;1
11;cz;italia;1;Studied_word;48;1
11;cz;italiana;1;Studied_word;49;1
11;cz;materasso;1;Studied_word;56;1
11;cz;morbido;1;Studied_word;58;1
11;cz;mosca;0;Studied_word;59;0
11;cz;nota;0;Studied_word;61;0
11;cz;pesce;0;Studied_word;65;0
11;cz;piume;1;Studied_word;71;1
11;cz;tela;1;Studied_word;90;1
11;cz;velenoso;1;Studied_word;95;1
11;cz;bucata;1;Unrelated;12;0
11;cz;caldo;1;Unrelated;13;0
11;cz;carina;1;Unrelated;18;0
11;cz;forno;1;Unrelated;33;0
11;cz;giovane;1;Unrelated;41;0
11;cz;gomma;1;Unrelated;43;0
11;cz;masticare;1;Unrelated;55;0
11;cz;monarchia;1;Unrelated;57;0
11;cz;pane;1;Unrelated;62;0
11;cz;pasta;1;Unrelated;63;0
11;cz;piacevole;1;Unrelated;66;0
11;cz;potere;1;Unrelated;75;0
11;cz;ragazza;1;Unrelated;78;0
11;cz;re;1;Unrelated;80;0
11;cz;ruota;1;Unrelated;82;0
11;cz;trono;1;Unrelated;92;0
12;cedx;alto;0;Critical_lure;3;1
12;cedx;freddo;1;Critical_lure;35;0
12;cedx;fumo;0;Critical_lure;36;1
12;cedx;giustizia;0;Critical_lure;42;1
12;cedx;lampada;0;Critical_lure;51;1
12;cedx;lento;0;Critical_lure;52;1
12;cedx;penna;1;Critical_lure;64;0
12;cedx;sedia;0;Critical_lure;87;1
12;cedx;basso;1;Studied_word;10;1
12;cedx;calmo;0;Studied_word;14;0
12;cedx;calore;1;Studied_word;15;1
12;cedx;desiderio;0;Studied_word;22;0
12;cedx;equita';0;Studied_word;29;0
12;cedx;ghiaccio;1;Studied_word;39;1
12;cedx;gigante;0;Studied_word;40;0
12;cedx;grattacielo;1;Studied_word;44;1
12;cedx;inchiostro;1;Studied_word;45;1
12;cedx;inquinamento;1;Studied_word;46;1
12;cedx;luce;1;Studied_word;53;1
12;cedx;pioggia;0;Studied_word;68;0
12;cedx;pipa;1;Studied_word;69;1
12;cedx;piuma;1;Studied_word;70;1
12;cedx;polizia;0;Studied_word;72;0
12;cedx;polmoni;1;Studied_word;73;1
12;cedx;poltrona;1;Studied_word;74;1
12;cedx;privata;0;Studied_word;76;0
12;cedx;scomoda;1;Studied_word;85;1
12;cedx;scuola;1;Studied_word;86;1
12;cedx;tavolo;1;Studied_word;89;1
12;cedx;tiepido;0;Studied_word;91;0
12;cedx;valzer;0;Studied_word;94;0
12;cedx;veloce;0;Studied_word;96;0
12;cedx;bello;1;Unrelated;11;0
12;cedx;caramella;1;Unrelated;17;0
12;cedx;crosata;1;Unrelated;21;0
12;cedx;dolce;1;Unrelated;25;0
12;cedx;dolere;1;Unrelated;26;0
12;cedx;donna;1;Unrelated;28;0
12;cedx;forza;1;Unrelated;34;0
12;cedx;furioso;1;Unrelated;38;0
12;cedx;ira;1;Unrelated;47;0
12;cedx;malcontento;1;Unrelated;54;0
12;cedx;piede;1;Unrelated;67;0
12;cedx;rabbia;0;Unrelated;77;1
12;cedx;ritmo;1;Unrelated;81;0
12;cedx;sapore;1;Unrelated;83;0
12;cedx;scarpa;1;Unrelated;84;0
12;cedx;uomo;1;Unrelated;93;0
12;cz;ago;0;Critical_lure;1;1
12;cz;amaro;0;Critical_lure;4;1
12;cz;bandiera;0;Critical_lure;8;1
12;cz;fiume;0;Critical_lure;31;1
12;cz;ladro;0;Critical_lure;50;1
12;cz;musica;0;Critical_lure;60;1
12;cz;ragno;1;Critical_lure;79;0
12;cz;soffice;1;Critical_lure;88;0
12;cz;alcolico;0;Studied_word;2;0
12;cz;arpa;1;Studied_word;5;1
12;cz;assassino;1;Studied_word;6;1
12;cz;asta;1;Studied_word;7;1
12;cz;bandito;1;Studied_word;9;1
12;cz;cammello;0;Studied_word;16;0
12;cz;concerto;1;Studied_word;19;1
12;cz;corrente;0;Studied_word;20;0
12;cz;digerire;0;Studied_word;23;0
12;cz;dolce;1;Studied_word;24;1
12;cz;dolore;0;Studied_word;27;0
12;cz;filo;1;Studied_word;30;1
12;cz;foce;1;Studied_word;32;1
12;cz;furfante;1;Studied_word;37;1
12;cz;italia;1;Studied_word;48;1
12;cz;italiana;0;Studied_word;49;0
12;cz;materasso;1;Studied_word;56;1
12;cz;morbido;1;Studied_word;58;1
12;cz;mosca;1;Studied_word;59;1
12;cz;nota;0;Studied_word;61;0
12;cz;pesce;1;Studied_word;65;1
12;cz;piume;1;Studied_word;71;1
12;cz;tela;1;Studied_word;90;1
12;cz;velenoso;0;Studied_word;95;0
12;cz;bucata;1;Unrelated;12;0
12;cz;caldo;1;Unrelated;13;0
12;cz;carina;1;Unrelated;18;0
12;cz;forno;1;Unrelated;33;0
12;cz;giovane;1;Unrelated;41;0
12;cz;gomma;1;Unrelated;43;0
12;cz;masticare;1;Unrelated;55;0
12;cz;monarchia;1;Unrelated;57;0
12;cz;pane;0;Unrelated;62;1
12;cz;pasta;1;Unrelated;63;0
12;cz;piacevole;1;Unrelated;66;0
12;cz;potere;1;Unrelated;75;0
12;cz;ragazza;1;Unrelated;78;0
12;cz;re;1;Unrelated;80;0
12;cz;ruota;1;Unrelated;82;0
12;cz;trono;1;Unrelated;92;0
13;cedx;ago;0;Critical_lure;1;1
13;cedx;amaro;0;Critical_lure;4;1
13;cedx;bandiera;1;Critical_lure;8;0
13;cedx;fiume;0;Critical_lure;31;1
13;cedx;ladro;1;Critical_lure;50;0
13;cedx;musica;1;Critical_lure;60;0
13;cedx;ragno;0;Critical_lure;79;1
13;cedx;soffice;1;Critical_lure;88;0
13;cedx;alcolico;0;Studied_word;2;0
13;cedx;arpa;1;Studied_word;5;1
13;cedx;assassino;1;Studied_word;6;1
13;cedx;asta;1;Studied_word;7;1
13;cedx;bandito;0;Studied_word;9;0
13;cedx;cammello;0;Studied_word;16;0
13;cedx;concerto;0;Studied_word;19;0
13;cedx;corrente;1;Studied_word;20;1
13;cedx;digerire;0;Studied_word;23;0
13;cedx;dolce;1;Studied_word;24;1
13;cedx;dolore;0;Studied_word;27;0
13;cedx;filo;1;Studied_word;30;1
13;cedx;foce;1;Studied_word;32;1
13;cedx;furfante;1;Studied_word;37;1
13;cedx;italia;1;Studied_word;48;1
13;cedx;italiana;1;Studied_word;49;1
13;cedx;materasso;1;Studied_word;56;1
13;cedx;morbido;1;Studied_word;58;1
13;cedx;mosca;1;Studied_word;59;1
13;cedx;nota;0;Studied_word;61;0
13;cedx;pesce;0;Studied_word;65;0
13;cedx;piume;0;Studied_word;71;0
13;cedx;tela;1;Studied_word;90;1
13;cedx;velenoso;1;Studied_word;95;1
13;cedx;bucata;1;Unrelated;12;0
13;cedx;caldo;1;Unrelated;13;0
13;cedx;carina;1;Unrelated;18;0
13;cedx;forno;1;Unrelated;33;0
13;cedx;giovane;1;Unrelated;41;0
13;cedx;gomma;1;Unrelated;43;0
13;cedx;masticare;1;Unrelated;55;0
13;cedx;monarchia;1;Unrelated;57;0
13;cedx;pane;1;Unrelated;62;0
13;cedx;pasta;1;Unrelated;63;0
13;cedx;piacevole;0;Unrelated;66;1
13;cedx;potere;1;Unrelated;75;0
13;cedx;ragazza;1;Unrelated;78;0
13;cedx;re;1;Unrelated;80;0
13;cedx;ruota;1;Unrelated;82;0
13;cedx;trono;1;Unrelated;92;0
13;cz;alto;1;Critical_lure;3;0
13;cz;freddo;1;Critical_lure;35;0
13;cz;fumo;0;Critical_lure;36;1
13;cz;giustizia;1;Critical_lure;42;0
13;cz;lampada;1;Critical_lure;51;0
13;cz;lento;0;Critical_lure;52;1
13;cz;penna;1;Critical_lure;64;0
13;cz;sedia;0;Critical_lure;87;1
13;cz;basso;1;Studied_word;10;1
13;cz;calmo;0;Studied_word;14;0
13;cz;calore;0;Studied_word;15;0
13;cz;desiderio;0;Studied_word;22;0
13;cz;equita';1;Studied_word;29;1
13;cz;ghiaccio;1;Studied_word;39;1
13;cz;gigante;0;Studied_word;40;0
13;cz;grattacielo;1;Studied_word;44;1
13;cz;inchiostro;0;Studied_word;45;0
13;cz;inquinamento;1;Studied_word;46;1
13;cz;luce;0;Studied_word;53;0
13;cz;pioggia;0;Studied_word;68;0
13;cz;pipa;1;Studied_word;69;1
13;cz;piuma;1;Studied_word;70;1
13;cz;polizia;1;Studied_word;72;1
13;cz;polmoni;0;Studied_word;73;0
13;cz;poltrona;1;Studied_word;74;1
13;cz;privata;1;Studied_word;76;1
13;cz;scomoda;1;Studied_word;85;1
13;cz;scuola;1;Studied_word;86;1
13;cz;tavolo;0;Studied_word;89;0
13;cz;tiepido;0;Studied_word;91;0
13;cz;valzer;1;Studied_word;94;1
13;cz;veloce;0;Studied_word;96;0
13;cz;bello;1;Unrelated;11;0
13;cz;caramella;1;Unrelated;17;0
13;cz;crosata;1;Unrelated;21;0
13;cz;dolce;0;Unrelated;25;1
13;cz;dolere;1;Unrelated;26;0
13;cz;donna;1;Unrelated;28;0
13;cz;forza;1;Unrelated;34;0
13;cz;furioso;1;Unrelated;38;0
13;cz;ira;1;Unrelated;47;0
13;cz;malcontento;1;Unrelated;54;0
13;cz;piede;1;Unrelated;67;0
13;cz;rabbia;1;Unrelated;77;0
13;cz;ritmo;1;Unrelated;81;0
13;cz;sapore;1;Unrelated;83;0
13;cz;scarpa;1;Unrelated;84;0
13;cz;uomo;1;Unrelated;93;0
14;cedx;alto;1;Critical_lure;3;0
14;cedx;freddo;1;Critical_lure;35;0
14;cedx;fumo;1;Critical_lure;36;0
14;cedx;giustizia;1;Critical_lure;42;0
14;cedx;lampada;1;Critical_lure;51;0
14;cedx;lento;1;Critical_lure;52;0
14;cedx;penna;1;Critical_lure;64;0
14;cedx;sedia;1;Critical_lure;87;0
14;cedx;basso;1;Studied_word;10;1
14;cedx;calmo;1;Studied_word;14;1
14;cedx;calore;0;Studied_word;15;0
14;cedx;desiderio;0;Studied_word;22;0
14;cedx;equita';1;Studied_word;29;1
14;cedx;ghiaccio;1;Studied_word;39;1
14;cedx;gigante;1;Studied_word;40;1
14;cedx;grattacielo;1;Studied_word;44;1
14;cedx;inchiostro;1;Studied_word;45;1
14;cedx;inquinamento;1;Studied_word;46;1
14;cedx;luce;1;Studied_word;53;1
14;cedx;pioggia;1;Studied_word;68;1
14;cedx;pipa;1;Studied_word;69;1
14;cedx;piuma;0;Studied_word;70;0
14;cedx;polizia;1;Studied_word;72;1
14;cedx;polmoni;1;Studied_word;73;1
14;cedx;poltrona;1;Studied_word;74;1
14;cedx;privata;0;Studied_word;76;0
14;cedx;scomoda;1;Studied_word;85;1
14;cedx;scuola;1;Studied_word;86;1
14;cedx;tavolo;1;Studied_word;89;1
14;cedx;tiepido;1;Studied_word;91;1
14;cedx;valzer;1;Studied_word;94;1
14;cedx;veloce;1;Studied_word;96;1
14;cedx;bello;1;Unrelated;11;0
14;cedx;caramella;1;Unrelated;17;0
14;cedx;crosata;1;Unrelated;21;0
14;cedx;dolce;1;Unrelated;25;0
14;cedx;dolere;1;Unrelated;26;0
14;cedx;donna;1;Unrelated;28;0
14;cedx;forza;1;Unrelated;34;0
14;cedx;furioso;1;Unrelated;38;0
14;cedx;ira;1;Unrelated;47;0
14;cedx;malcontento;1;Unrelated;54;0
14;cedx;piede;1;Unrelated;67;0
14;cedx;rabbia;1;Unrelated;77;0
14;cedx;ritmo;0;Unrelated;81;1
14;cedx;sapore;1;Unrelated;83;0
14;cedx;scarpa;1;Unrelated;84;0
14;cedx;uomo;1;Unrelated;93;0
14;cz;ago;1;Critical_lure;1;0
14;cz;amaro;1;Critical_lure;4;0
14;cz;bandiera;1;Critical_lure;8;0
14;cz;fiume;1;Critical_lure;31;0
14;cz;ladro;1;Critical_lure;50;0
14;cz;musica;1;Critical_lure;60;0
14;cz;ragno;1;Critical_lure;79;0
14;cz;soffice;0;Critical_lure;88;1
14;cz;alcolico;1;Studied_word;2;1
14;cz;arpa;1;Studied_word;5;1
14;cz;assassino;1;Studied_word;6;1
14;cz;asta;1;Studied_word;7;1
14;cz;bandito;1;Studied_word;9;1
14;cz;cammello;1;Studied_word;16;1
14;cz;concerto;1;Studied_word;19;1
14;cz;corrente;1;Studied_word;20;1
14;cz;digerire;1;Studied_word;23;1
14;cz;dolce;1;Studied_word;24;1
14;cz;dolore;1;Studied_word;27;1
14;cz;filo;1;Studied_word;30;1
14;cz;foce;1;Studied_word;32;1
14;cz;furfante;1;Studied_word;37;1
14;cz;italia;1;Studied_word;48;1
14;cz;italiana;1;Studied_word;49;1
14;cz;materasso;1;Studied_word;56;1
14;cz;morbido;1;Studied_word;58;1
14;cz;mosca;1;Studied_word;59;1
14;cz;nota;1;Studied_word;61;1
14;cz;pesce;0;Studied_word;65;0
14;cz;piume;1;Studied_word;71;1
14;cz;tela;1;Studied_word;90;1
14;cz;velenoso;1;Studied_word;95;1
14;cz;bucata;1;Unrelated;12;0
14;cz;caldo;1;Unrelated;13;0
14;cz;carina;1;Unrelated;18;0
14;cz;forno;1;Unrelated;33;0
14;cz;giovane;1;Unrelated;41;0
14;cz;gomma;1;Unrelated;43;0
14;cz;masticare;1;Unrelated;55;0
14;cz;monarchia;1;Unrelated;57;0
14;cz;pane;1;Unrelated;62;0
14;cz;pasta;1;Unrelated;63;0
14;cz;piacevole;1;Unrelated;66;0
14;cz;potere;1;Unrelated;75;0
14;cz;ragazza;1;Unrelated;78;0
14;cz;re;1;Unrelated;80;0
14;cz;ruota;1;Unrelated;82;0
14;cz;trono;1;Unrelated;92;0
15;cedx;alto;0;Critical_lure;3;1
15;cedx;freddo;1;Critical_lure;35;0
15;cedx;fumo;1;Critical_lure;36;0
15;cedx;giustizia;0;Critical_lure;42;1
15;cedx;lampada;1;Critical_lure;51;0
15;cedx;lento;0;Critical_lure;52;1
15;cedx;penna;0;Critical_lure;64;1
15;cedx;sedia;1;Critical_lure;87;0
15;cedx;basso;0;Studied_word;10;0
15;cedx;calmo;1;Studied_word;14;1
15;cedx;calore;0;Studied_word;15;0
15;cedx;desiderio;0;Studied_word;22;0
15;cedx;equita';1;Studied_word;29;1
15;cedx;ghiaccio;1;Studied_word;39;1
15;cedx;gigante;1;Studied_word;40;1
15;cedx;grattacielo;1;Studied_word;44;1
15;cedx;inchiostro;0;Studied_word;45;0
15;cedx;inquinamento;0;Studied_word;46;0
15;cedx;luce;1;Studied_word;53;1
15;cedx;pioggia;0;Studied_word;68;0
15;cedx;pipa;0;Studied_word;69;0
15;cedx;piuma;0;Studied_word;70;0
15;cedx;polizia;1;Studied_word;72;1
15;cedx;polmoni;1;Studied_word;73;1
15;cedx;poltrona;1;Studied_word;74;1
15;cedx;privata;0;Studied_word;76;0
15;cedx;scomoda;1;Studied_word;85;1
15;cedx;scuola;0;Studied_word;86;0
15;cedx;tavolo;1;Studied_word;89;1
15;cedx;tiepido;1;Studied_word;91;1
15;cedx;valzer;1;Studied_word;94;1
15;cedx;veloce;1;Studied_word;96;1
15;cedx;bello;1;Unrelated;11;0
15;cedx;caramella;1;Unrelated;17;0
15;cedx;crosata;1;Unrelated;21;0
15;cedx;dolce;1;Unrelated;25;0
15;cedx;dolere;1;Unrelated;26;0
15;cedx;donna;1;Unrelated;28;0
15;cedx;forza;1;Unrelated;34;0
15;cedx;furioso;1;Unrelated;38;0
15;cedx;ira;1;Unrelated;47;0
15;cedx;malcontento;1;Unrelated;54;0
15;cedx;piede;1;Unrelated;67;0
15;cedx;rabbia;1;Unrelated;77;0
15;cedx;ritmo;0;Unrelated;81;1
15;cedx;sapore;1;Unrelated;83;0
15;cedx;scarpa;1;Unrelated;84;0
15;cedx;uomo;1;Unrelated;93;0
15;cz;ago;1;Critical_lure;1;0
15;cz;amaro;1;Critical_lure;4;0
15;cz;bandiera;0;Critical_lure;8;1
15;cz;fiume;0;Critical_lure;31;1
15;cz;ladro;1;Critical_lure;50;0
15;cz;musica;1;Critical_lure;60;0
15;cz;ragno;0;Critical_lure;79;1
15;cz;soffice;0;Critical_lure;88;1
15;cz;alcolico;1;Studied_word;2;1
15;cz;arpa;1;Studied_word;5;1
15;cz;assassino;1;Studied_word;6;1
15;cz;asta;1;Studied_word;7;1
15;cz;bandito;1;Studied_word;9;1
15;cz;cammello;1;Studied_word;16;1
15;cz;concerto;1;Studied_word;19;1
15;cz;corrente;1;Studied_word;20;1
15;cz;digerire;1;Studied_word;23;1
15;cz;dolce;1;Studied_word;24;1
15;cz;dolore;1;Studied_word;27;1
15;cz;filo;0;Studied_word;30;0
15;cz;foce;1;Studied_word;32;1
15;cz;furfante;1;Studied_word;37;1
15;cz;italia;1;Studied_word;48;1
15;cz;italiana;1;Studied_word;49;1
15;cz;materasso;0;Studied_word;56;0
15;cz;morbido;1;Studied_word;58;1
15;cz;mosca;0;Studied_word;59;0
15;cz;nota;1;Studied_word;61;1
15;cz;pesce;1;Studied_word;65;1
15;cz;piume;0;Studied_word;71;0
15;cz;tela;1;Studied_word;90;1
15;cz;velenoso;0;Studied_word;95;0
15;cz;bucata;1;Unrelated;12;0
15;cz;caldo;1;Unrelated;13;0
15;cz;carina;1;Unrelated;18;0
15;cz;forno;1;Unrelated;33;0
15;cz;giovane;1;Unrelated;41;0
15;cz;gomma;1;Unrelated;43;0
15;cz;masticare;1;Unrelated;55;0
15;cz;monarchia;1;Unrelated;57;0
15;cz;pane;1;Unrelated;62;0
15;cz;pasta;1;Unrelated;63;0
15;cz;piacevole;1;Unrelated;66;0
15;cz;potere;1;Unrelated;75;0
15;cz;ragazza;1;Unrelated;78;0
15;cz;re;1;Unrelated;80;0
15;cz;ruota;1;Unrelated;82;0
15;cz;trono;1;Unrelated;92;0
16;cedx;ago;1;Critical_lure;1;0
16;cedx;amaro;0;Critical_lure;4;1
16;cedx;bandiera;0;Critical_lure;8;1
16;cedx;fiume;0;Critical_lure;31;1
16;cedx;ladro;1;Critical_lure;50;0
16;cedx;musica;0;Critical_lure;60;1
16;cedx;ragno;0;Critical_lure;79;1
16;cedx;soffice;1;Critical_lure;88;0
16;cedx;alcolico;1;Studied_word;2;1
16;cedx;arpa;1;Studied_word;5;1
16;cedx;assassino;1;Studied_word;6;1
16;cedx;asta;1;Studied_word;7;1
16;cedx;bandito;1;Studied_word;9;1
16;cedx;cammello;1;Studied_word;16;1
16;cedx;concerto;1;Studied_word;19;1
16;cedx;corrente;0;Studied_word;20;0
16;cedx;digerire;1;Studied_word;23;1
16;cedx;dolce;1;Studied_word;24;1
16;cedx;dolore;1;Studied_word;27;1
16;cedx;filo;1;Studied_word;30;1
16;cedx;foce;1;Studied_word;32;1
16;cedx;furfante;1;Studied_word;37;1
16;cedx;italia;0;Studied_word;48;0
16;cedx;italiana;1;Studied_word;49;1
16;cedx;materasso;1;Studied_word;56;1
16;cedx;morbido;1;Studied_word;58;1
16;cedx;mosca;1;Studied_word;59;1
16;cedx;nota;1;Studied_word;61;1
16;cedx;pesce;1;Studied_word;65;1
16;cedx;piume;1;Studied_word;71;1
16;cedx;tela;1;Studied_word;90;1
16;cedx;velenoso;1;Studied_word;95;1
16;cedx;bucata;1;Unrelated;12;0
16;cedx;caldo;0;Unrelated;13;1
16;cedx;carina;1;Unrelated;18;0
16;cedx;forno;1;Unrelated;33;0
16;cedx;giovane;1;Unrelated;41;0
16;cedx;gomma;1;Unrelated;43;0
16;cedx;masticare;0;Unrelated;55;1
16;cedx;monarchia;1;Unrelated;57;0
16;cedx;pane;1;Unrelated;62;0
16;cedx;pasta;1;Unrelated;63;0
16;cedx;piacevole;1;Unrelated;66;0
16;cedx;potere;1;Unrelated;75;0
16;cedx;ragazza;1;Unrelated;78;0
16;cedx;re;1;Unrelated;80;0
16;cedx;ruota;1;Unrelated;82;0
16;cedx;trono;1;Unrelated;92;0
16;cz;alto;0;Critical_lure;3;1
16;cz;freddo;0;Critical_lure;35;1
16;cz;fumo;1;Critical_lure;36;0
16;cz;giustizia;0;Critical_lure;42;1
16;cz;lampada;1;Critical_lure;51;0
16;cz;lento;0;Critical_lure;52;1
16;cz;penna;0;Critical_lure;64;1
16;cz;sedia;0;Critical_lure;87;1
16;cz;basso;1;Studied_word;10;1
16;cz;calmo;0;Studied_word;14;0
16;cz;calore;0;Studied_word;15;0
16;cz;desiderio;0;Studied_word;22;0
16;cz;equita';1;Studied_word;29;1
16;cz;ghiaccio;1;Studied_word;39;1
16;cz;gigante;1;Studied_word;40;1
16;cz;grattacielo;1;Studied_word;44;1
16;cz;inchiostro;1;Studied_word;45;1
16;cz;inquinamento;1;Studied_word;46;1
16;cz;luce;1;Studied_word;53;1
16;cz;pioggia;1;Studied_word;68;1
16;cz;pipa;1;Studied_word;69;1
16;cz;piuma;1;Studied_word;70;1
16;cz;polizia;1;Studied_word;72;1
16;cz;polmoni;1;Studied_word;73;1
16;cz;poltrona;1;Studied_word;74;1
16;cz;privata;1;Studied_word;76;1
16;cz;scomoda;1;Studied_word;85;1
16;cz;scuola;1;Studied_word;86;1
16;cz;tavolo;1;Studied_word;89;1
16;cz;tiepido;0;Studied_word;91;0
16;cz;valzer;1;Studied_word;94;1
16;cz;veloce;1;Studied_word;96;1
16;cz;bello;1;Unrelated;11;0
16;cz;caramella;1;Unrelated;17;0
16;cz;crosata;1;Unrelated;21;0
16;cz;dolce;1;Unrelated;25;0
16;cz;dolere;1;Unrelated;26;0
16;cz;donna;1;Unrelated;28;0
16;cz;forza;1;Unrelated;34;0
16;cz;furioso;1;Unrelated;38;0
16;cz;ira;1;Unrelated;47;0
16;cz;malcontento;1;Unrelated;54;0
16;cz;piede;1;Unrelated;67;0
16;cz;rabbia;1;Unrelated;77;0
16;cz;ritmo;0;Unrelated;81;1
16;cz;sapore;1;Unrelated;83;0
16;cz;scarpa;1;Unrelated;84;0
16;cz;uomo;1;Unrelated;93;0
17;cedx;alto;0;Critical_lure;3;1
17;cedx;freddo;1;Critical_lure;35;0
17;cedx;fumo;0;Critical_lure;36;1
17;cedx;giustizia;0;Critical_lure;42;1
17;cedx;lampada;0;Critical_lure;51;1
17;cedx;lento;0;Critical_lure;52;1
17;cedx;penna;0;Critical_lure;64;1
17;cedx;sedia;0;Critical_lure;87;1
17;cedx;basso;1;Studied_word;10;1
17;cedx;calmo;1;Studied_word;14;1
17;cedx;calore;1;Studied_word;15;1
17;cedx;desiderio;1;Studied_word;22;1
17;cedx;equita';0;Studied_word;29;0
17;cedx;ghiaccio;1;Studied_word;39;1
17;cedx;gigante;1;Studied_word;40;1
17;cedx;grattacielo;1;Studied_word;44;1
17;cedx;inchiostro;1;Studied_word;45;1
17;cedx;inquinamento;0;Studied_word;46;0
17;cedx;luce;1;Studied_word;53;1
17;cedx;pioggia;0;Studied_word;68;0
17;cedx;pipa;1;Studied_word;69;1
17;cedx;piuma;1;Studied_word;70;1
17;cedx;polizia;1;Studied_word;72;1
17;cedx;polmoni;0;Studied_word;73;0
17;cedx;poltrona;1;Studied_word;74;1
17;cedx;privata;0;Studied_word;76;0
17;cedx;scomoda;1;Studied_word;85;1
17;cedx;scuola;1;Studied_word;86;1
17;cedx;tavolo;0;Studied_word;89;0
17;cedx;tiepido;0;Studied_word;91;0
17;cedx;valzer;0;Studied_word;94;0
17;cedx;veloce;1;Studied_word;96;1
17;cedx;bello;1;Unrelated;11;0
17;cedx;caramella;1;Unrelated;17;0
17;cedx;crosata;1;Unrelated;21;0
17;cedx;dolce;0;Unrelated;25;1
17;cedx;dolere;1;Unrelated;26;0
17;cedx;donna;1;Unrelated;28;0
17;cedx;forza;0;Unrelated;34;1
17;cedx;furioso;0;Unrelated;38;1
17;cedx;ira;1;Unrelated;47;0
17;cedx;malcontento;1;Unrelated;54;0
17;cedx;piede;0;Unrelated;67;1
17;cedx;rabbia;0;Unrelated;77;1
17;cedx;ritmo;0;Unrelated;81;1
17;cedx;sapore;1;Unrelated;83;0
17;cedx;scarpa;0;Unrelated;84;1
17;cedx;uomo;1;Unrelated;93;0
17;cz;ago;0;Critical_lure;1;1
17;cz;amaro;1;Critical_lure;4;0
17;cz;bandiera;1;Critical_lure;8;0
17;cz;fiume;1;Critical_lure;31;0
17;cz;ladro;1;Critical_lure;50;0
17;cz;musica;1;Critical_lure;60;0
17;cz;ragno;0;Critical_lure;79;1
17;cz;soffice;0;Critical_lure;88;1
17;cz;alcolico;1;Studied_word;2;1
17;cz;arpa;1;Studied_word;5;1
17;cz;assassino;0;Studied_word;6;0
17;cz;asta;0;Studied_word;7;0
17;cz;bandito;0;Studied_word;9;0
17;cz;cammello;0;Studied_word;16;0
17;cz;concerto;0;Studied_word;19;0
17;cz;corrente;1;Studied_word;20;1
17;cz;digerire;1;Studied_word;23;1
17;cz;dolce;0;Studied_word;24;0
17;cz;dolore;1;Studied_word;27;1
17;cz;filo;0;Studied_word;30;0
17;cz;foce;0;Studied_word;32;0
17;cz;furfante;0;Studied_word;37;0
17;cz;italia;1;Studied_word;48;1
17;cz;italiana;0;Studied_word;49;0
17;cz;materasso;0;Studied_word;56;0
17;cz;morbido;1;Studied_word;58;1
17;cz;mosca;0;Studied_word;59;0
17;cz;nota;0;Studied_word;61;0
17;cz;pesce;0;Studied_word;65;0
17;cz;piume;1;Studied_word;71;1
17;cz;tela;0;Studied_word;90;0
17;cz;velenoso;0;Studied_word;95;0
17;cz;bucata;0;Unrelated;12;1
17;cz;caldo;0;Unrelated;13;1
17;cz;carina;1;Unrelated;18;0
17;cz;forno;0;Unrelated;33;1
17;cz;giovane;1;Unrelated;41;0
17;cz;gomma;0;Unrelated;43;1
17;cz;masticare;0;Unrelated;55;1
17;cz;monarchia;1;Unrelated;57;0
17;cz;pane;1;Unrelated;62;0
17;cz;pasta;0;Unrelated;63;1
17;cz;piacevole;1;Unrelated;66;0
17;cz;potere;1;Unrelated;75;0
17;cz;ragazza;1;Unrelated;78;0
17;cz;re;1;Unrelated;80;0
17;cz;ruota;0;Unrelated;82;1
17;cz;trono;1;Unrelated;92;0
18;cedx;ago;0;Critical_lure;1;1
18;cedx;amaro;0;Critical_lure;4;1
18;cedx;bandiera;0;Critical_lure;8;1
18;cedx;fiume;0;Critical_lure;31;1
18;cedx;ladro;0;Critical_lure;50;1
18;cedx;musica;1;Critical_lure;60;0
18;cedx;ragno;0;Critical_lure;79;1
18;cedx;soffice;1;Critical_lure;88;0
18;cedx;alcolico;0;Studied_word;2;0
18;cedx;arpa;1;Studied_word;5;1
18;cedx;assassino;1;Studied_word;6;1
18;cedx;asta;1;Studied_word;7;1
18;cedx;bandito;1;Studied_word;9;1
18;cedx;cammello;1;Studied_word;16;1
18;cedx;concerto;1;Studied_word;19;1
18;cedx;corrente;1;Studied_word;20;1
18;cedx;digerire;1;Studied_word;23;1
18;cedx;dolce;1;Studied_word;24;1
18;cedx;dolore;1;Studied_word;27;1
18;cedx;filo;1;Studied_word;30;1
18;cedx;foce;1;Studied_word;32;1
18;cedx;furfante;1;Studied_word;37;1
18;cedx;italia;1;Studied_word;48;1
18;cedx;italiana;1;Studied_word;49;1
18;cedx;materasso;0;Studied_word;56;0
18;cedx;morbido;1;Studied_word;58;1
18;cedx;mosca;1;Studied_word;59;1
18;cedx;nota;1;Studied_word;61;1
18;cedx;pesce;1;Studied_word;65;1
18;cedx;piume;1;Studied_word;71;1
18;cedx;tela;1;Studied_word;90;1
18;cedx;velenoso;1;Studied_word;95;1
18;cedx;bucata;1;Unrelated;12;0
18;cedx;caldo;1;Unrelated;13;0
18;cedx;carina;1;Unrelated;18;0
18;cedx;forno;1;Unrelated;33;0
18;cedx;giovane;1;Unrelated;41;0
18;cedx;gomma;1;Unrelated;43;0
18;cedx;masticare;1;Unrelated;55;0
18;cedx;monarchia;1;Unrelated;57;0
18;cedx;pane;1;Unrelated;62;0
18;cedx;pasta;1;Unrelated;63;0
18;cedx;piacevole;1;Unrelated;66;0
18;cedx;potere;1;Unrelated;75;0
18;cedx;ragazza;1;Unrelated;78;0
18;cedx;re;1;Unrelated;80;0
18;cedx;ruota;1;Unrelated;82;0
18;cedx;trono;1;Unrelated;92;0
18;cz;alto;0;Critical_lure;3;1
18;cz;freddo;1;Critical_lure;35;0
18;cz;fumo;1;Critical_lure;36;0
18;cz;giustizia;0;Critical_lure;42;1
18;cz;lampada;1;Critical_lure;51;0
18;cz;lento;0;Critical_lure;52;1
18;cz;penna;0;Critical_lure;64;1
18;cz;sedia;0;Critical_lure;87;1
18;cz;basso;1;Studied_word;10;1
18;cz;calmo;1;Studied_word;14;1
18;cz;calore;1;Studied_word;15;1
18;cz;desiderio;1;Studied_word;22;1
18;cz;equita';1;Studied_word;29;1
18;cz;ghiaccio;0;Studied_word;39;0
18;cz;gigante;1;Studied_word;40;1
18;cz;grattacielo;1;Studied_word;44;1
18;cz;inchiostro;1;Studied_word;45;1
18;cz;inquinamento;1;Studied_word;46;1
18;cz;luce;1;Studied_word;53;1
18;cz;pioggia;1;Studied_word;68;1
18;cz;pipa;1;Studied_word;69;1
18;cz;piuma;1;Studied_word;70;1
18;cz;polizia;1;Studied_word;72;1
18;cz;polmoni;0;Studied_word;73;0
18;cz;poltrona;1;Studied_word;74;1
18;cz;privata;1;Studied_word;76;1
18;cz;scomoda;1;Studied_word;85;1
18;cz;scuola;0;Studied_word;86;0
18;cz;tavolo;1;Studied_word;89;1
18;cz;tiepido;0;Studied_word;91;0
18;cz;valzer;1;Studied_word;94;1
18;cz;veloce;1;Studied_word;96;1
18;cz;bello;1;Unrelated;11;0
18;cz;caramella;1;Unrelated;17;0
18;cz;crosata;1;Unrelated;21;0
18;cz;dolce;1;Unrelated;25;0
18;cz;dolere;1;Unrelated;26;0
18;cz;donna;1;Unrelated;28;0
18;cz;forza;1;Unrelated;34;0
18;cz;furioso;1;Unrelated;38;0
18;cz;ira;1;Unrelated;47;0
18;cz;malcontento;1;Unrelated;54;0
18;cz;piede;1;Unrelated;67;0
18;cz;rabbia;0;Unrelated;77;1
18;cz;ritmo;0;Unrelated;81;1
18;cz;sapore;1;Unrelated;83;0
18;cz;scarpa;1;Unrelated;84;0
18;cz;uomo;1;Unrelated;93;0
19;cedx;alto;1;Critical_lure;3;0
19;cedx;freddo;1;Critical_lure;35;0
19;cedx;fumo;0;Critical_lure;36;1
19;cedx;giustizia;0;Critical_lure;42;1
19;cedx;lampada;0;Critical_lure;51;1
19;cedx;lento;0;Critical_lure;52;1
19;cedx;penna;0;Critical_lure;64;1
19;cedx;sedia;0;Critical_lure;87;1
19;cedx;basso;0;Studied_word;10;0
19;cedx;calmo;0;Studied_word;14;0
19;cedx;calore;0;Studied_word;15;0
19;cedx;desiderio;0;Studied_word;22;0
19;cedx;equita';0;Studied_word;29;0
19;cedx;ghiaccio;0;Studied_word;39;0
19;cedx;gigante;0;Studied_word;40;0
19;cedx;grattacielo;1;Studied_word;44;1
19;cedx;inchiostro;1;Studied_word;45;1
19;cedx;inquinamento;1;Studied_word;46;1
19;cedx;luce;1;Studied_word;53;1
19;cedx;pioggia;0;Studied_word;68;0
19;cedx;pipa;1;Studied_word;69;1
19;cedx;piuma;1;Studied_word;70;1
19;cedx;polizia;1;Studied_word;72;1
19;cedx;polmoni;1;Studied_word;73;1
19;cedx;poltrona;0;Studied_word;74;0
19;cedx;privata;1;Studied_word;76;1
19;cedx;scomoda;0;Studied_word;85;0
19;cedx;scuola;1;Studied_word;86;1
19;cedx;tavolo;1;Studied_word;89;1
19;cedx;tiepido;1;Studied_word;91;1
19;cedx;valzer;0;Studied_word;94;0
19;cedx;veloce;1;Studied_word;96;1
19;cedx;bello;1;Unrelated;11;0
19;cedx;caramella;0;Unrelated;17;1
19;cedx;crosata;1;Unrelated;21;0
19;cedx;dolce;1;Unrelated;25;0
19;cedx;dolere;1;Unrelated;26;0
19;cedx;donna;1;Unrelated;28;0
19;cedx;forza;1;Unrelated;34;0
19;cedx;furioso;1;Unrelated;38;0
19;cedx;ira;1;Unrelated;47;0
19;cedx;malcontento;1;Unrelated;54;0
19;cedx;piede;1;Unrelated;67;0
19;cedx;rabbia;0;Unrelated;77;1
19;cedx;ritmo;0;Unrelated;81;1
19;cedx;sapore;1;Unrelated;83;0
19;cedx;scarpa;1;Unrelated;84;0
19;cedx;uomo;1;Unrelated;93;0
19;cz;ago;1;Critical_lure;1;0
19;cz;amaro;1;Critical_lure;4;0
19;cz;bandiera;0;Critical_lure;8;1
19;cz;fiume;0;Critical_lure;31;1
19;cz;ladro;1;Critical_lure;50;0
19;cz;musica;0;Critical_lure;60;1
19;cz;ragno;1;Critical_lure;79;0
19;cz;soffice;0;Critical_lure;88;1
19;cz;alcolico;1;Studied_word;2;1
19;cz;arpa;0;Studied_word;5;0
19;cz;assassino;1;Studied_word;6;1
19;cz;asta;1;Studied_word;7;1
19;cz;bandito;1;Studied_word;9;1
19;cz;cammello;1;Studied_word;16;1
19;cz;concerto;0;Studied_word;19;0
19;cz;corrente;0;Studied_word;20;0
19;cz;digerire;0;Studied_word;23;0
19;cz;dolce;1;Studied_word;24;1
19;cz;dolore;1;Studied_word;27;1
19;cz;filo;0;Studied_word;30;0
19;cz;foce;1;Studied_word;32;1
19;cz;furfante;1;Studied_word;37;1
19;cz;italia;1;Studied_word;48;1
19;cz;italiana;1;Studied_word;49;1
19;cz;materasso;1;Studied_word;56;1
19;cz;morbido;1;Studied_word;58;1
19;cz;mosca;0;Studied_word;59;0
19;cz;nota;0;Studied_word;61;0
19;cz;pesce;0;Studied_word;65;0
19;cz;piume;1;Studied_word;71;1
19;cz;tela;1;Studied_word;90;1
19;cz;velenoso;0;Studied_word;95;0
19;cz;bucata;1;Unrelated;12;0
19;cz;caldo;1;Unrelated;13;0
19;cz;carina;1;Unrelated;18;0
19;cz;forno;1;Unrelated;33;0
19;cz;giovane;1;Unrelated;41;0
19;cz;gomma;1;Unrelated;43;0
19;cz;masticare;0;Unrelated;55;1
19;cz;monarchia;0;Unrelated;57;1
19;cz;pane;0;Unrelated;62;1
19;cz;pasta;1;Unrelated;63;0
19;cz;piacevole;1;Unrelated;66;0
19;cz;potere;0;Unrelated;75;1
19;cz;ragazza;0;Unrelated;78;1
19;cz;re;0;Unrelated;80;1
19;cz;ruota;1;Unrelated;82;0
19;cz;trono;1;Unrelated;92;0
20;cedx;ago;0;Critical_lure;1;1
20;cedx;amaro;0;Critical_lure;4;1
20;cedx;bandiera;0;Critical_lure;8;1
20;cedx;fiume;0;Critical_lure;31;1
20;cedx;ladro;0;Critical_lure;50;1
20;cedx;musica;0;Critical_lure;60;1
20;cedx;ragno;0;Critical_lure;79;1
20;cedx;soffice;0;Critical_lure;88;1
20;cedx;alcolico;1;Studied_word;2;1
20;cedx;arpa;1;Studied_word;5;1
20;cedx;assassino;1;Studied_word;6;1
20;cedx;asta;1;Studied_word;7;1
20;cedx;bandito;1;Studied_word;9;1
20;cedx;cammello;1;Studied_word;16;1
20;cedx;concerto;1;Studied_word;19;1
20;cedx;corrente;1;Studied_word;20;1
20;cedx;digerire;1;Studied_word;23;1
20;cedx;dolce;1;Studied_word;24;1
20;cedx;dolore;1;Studied_word;27;1
20;cedx;filo;1;Studied_word;30;1
20;cedx;foce;1;Studied_word;32;1
20;cedx;furfante;1;Studied_word;37;1
20;cedx;italia;1;Studied_word;48;1
20;cedx;italiana;1;Studied_word;49;1
20;cedx;materasso;1;Studied_word;56;1
20;cedx;morbido;1;Studied_word;58;1
20;cedx;mosca;1;Studied_word;59;1
20;cedx;nota;1;Studied_word;61;1
20;cedx;pesce;0;Studied_word;65;0
20;cedx;piume;1;Studied_word;71;1
20;cedx;tela;1;Studied_word;90;1
20;cedx;velenoso;1;Studied_word;95;1
20;cedx;bucata;1;Unrelated;12;0
20;cedx;caldo;0;Unrelated;13;1
20;cedx;carina;0;Unrelated;18;1
20;cedx;forno;1;Unrelated;33;0
20;cedx;giovane;0;Unrelated;41;1
20;cedx;gomma;0;Unrelated;43;1
20;cedx;masticare;0;Unrelated;55;1
20;cedx;monarchia;1;Unrelated;57;0
20;cedx;pane;1;Unrelated;62;0
20;cedx;pasta;1;Unrelated;63;0
20;cedx;piacevole;0;Unrelated;66;1
20;cedx;potere;0;Unrelated;75;1
20;cedx;ragazza;0;Unrelated;78;1
20;cedx;re;1;Unrelated;80;0
20;cedx;ruota;0;Unrelated;82;1
20;cedx;trono;1;Unrelated;92;0
20;cz;alto;0;Critical_lure;3;1
20;cz;freddo;0;Critical_lure;35;1
20;cz;fumo;1;Critical_lure;36;0
20;cz;giustizia;0;Critical_lure;42;1
20;cz;lampada;1;Critical_lure;51;0
20;cz;lento;0;Critical_lure;52;1
20;cz;penna;1;Critical_lure;64;0
20;cz;sedia;1;Critical_lure;87;0
20;cz;basso;0;Studied_word;10;0
20;cz;calmo;0;Studied_word;14;0
20;cz;calore;0;Studied_word;15;0
20;cz;desiderio;1;Studied_word;22;1
20;cz;equita';1;Studied_word;29;1
20;cz;ghiaccio;1;Studied_word;39;1
20;cz;gigante;1;Studied_word;40;1
20;cz;grattacielo;1;Studied_word;44;1
20;cz;inchiostro;1;Studied_word;45;1
20;cz;inquinamento;1;Studied_word;46;1
20;cz;luce;0;Studied_word;53;0
20;cz;pioggia;1;Studied_word;68;1
20;cz;pipa;1;Studied_word;69;1
20;cz;piuma;1;Studied_word;70;1
20;cz;polizia;1;Studied_word;72;1
20;cz;polmoni;1;Studied_word;73;1
20;cz;poltrona;1;Studied_word;74;1
20;cz;privata;1;Studied_word;76;1
20;cz;scomoda;1;Studied_word;85;1
20;cz;scuola;1;Studied_word;86;1
20;cz;tavolo;1;Studied_word;89;1
20;cz;tiepido;0;Studied_word;91;0
20;cz;valzer;1;Studied_word;94;1
20;cz;veloce;1;Studied_word;96;1
20;cz;bello;1;Unrelated;11;0
20;cz;caramella;1;Unrelated;17;0
20;cz;crosata;0;Unrelated;21;1
20;cz;dolce;1;Unrelated;25;0
20;cz;dolere;1;Unrelated;26;0
20;cz;donna;1;Unrelated;28;0
20;cz;forza;1;Unrelated;34;0
20;cz;furioso;0;Unrelated;38;1
20;cz;ira;1;Unrelated;47;0
20;cz;malcontento;1;Unrelated;54;0
20;cz;piede;0;Unrelated;67;1
20;cz;rabbia;0;Unrelated;77;1
20;cz;ritmo;0;Unrelated;81;1
20;cz;sapore;0;Unrelated;83;1
20;cz;scarpa;1;Unrelated;84;0
20;cz;uomo;1;Unrelated;93;0
21;cedx;ago;0;Critical_lure;1;1
21;cedx;amaro;0;Critical_lure;4;1
21;cedx;bandiera;0;Critical_lure;8;1
21;cedx;fiume;0;Critical_lure;31;1
21;cedx;ladro;0;Critical_lure;50;1
21;cedx;musica;0;Critical_lure;60;1
21;cedx;ragno;0;Critical_lure;79;1
21;cedx;soffice;0;Critical_lure;88;1
21;cedx;alcolico;1;Studied_word;2;1
21;cedx;arpa;1;Studied_word;5;1
21;cedx;assassino;1;Studied_word;6;1
21;cedx;asta;1;Studied_word;7;1
21;cedx;bandito;1;Studied_word;9;1
21;cedx;cammello;1;Studied_word;16;1
21;cedx;concerto;1;Studied_word;19;1
21;cedx;corrente;1;Studied_word;20;1
21;cedx;digerire;0;Studied_word;23;0
21;cedx;dolce;0;Studied_word;24;0
21;cedx;dolore;0;Studied_word;27;0
21;cedx;filo;0;Studied_word;30;0
21;cedx;foce;1;Studied_word;32;1
21;cedx;furfante;1;Studied_word;37;1
21;cedx;italia;1;Studied_word;48;1
21;cedx;italiana;1;Studied_word;49;1
21;cedx;materasso;1;Studied_word;56;1
21;cedx;morbido;1;Studied_word;58;1
21;cedx;mosca;1;Studied_word;59;1
21;cedx;nota;0;Studied_word;61;0
21;cedx;pesce;1;Studied_word;65;1
21;cedx;piume;0;Studied_word;71;0
21;cedx;tela;1;Studied_word;90;1
21;cedx;velenoso;1;Studied_word;95;1
21;cedx;bucata;1;Unrelated;12;0
21;cedx;caldo;1;Unrelated;13;0
21;cedx;carina;1;Unrelated;18;0
21;cedx;forno;1;Unrelated;33;0
21;cedx;giovane;1;Unrelated;41;0
21;cedx;gomma;1;Unrelated;43;0
21;cedx;masticare;1;Unrelated;55;0
21;cedx;monarchia;1;Unrelated;57;0
21;cedx;pane;1;Unrelated;62;0
21;cedx;pasta;1;Unrelated;63;0
21;cedx;piacevole;1;Unrelated;66;0
21;cedx;potere;1;Unrelated;75;0
21;cedx;ragazza;1;Unrelated;78;0
21;cedx;re;1;Unrelated;80;0
21;cedx;ruota;0;Unrelated;82;1
21;cedx;trono;1;Unrelated;92;0
21;cz;alto;0;Critical_lure;3;1
21;cz;freddo;0;Critical_lure;35;1
21;cz;fumo;0;Critical_lure;36;1
21;cz;giustizia;0;Critical_lure;42;1
21;cz;lampada;0;Critical_lure;51;1
21;cz;lento;0;Critical_lure;52;1
21;cz;penna;0;Critical_lure;64;1
21;cz;sedia;0;Critical_lure;87;1
21;cz;basso;0;Studied_word;10;0
21;cz;calmo;0;Studied_word;14;0
21;cz;calore;1;Studied_word;15;1
21;cz;desiderio;0;Studied_word;22;0
21;cz;equita';0;Studied_word;29;0
21;cz;ghiaccio;1;Studied_word;39;1
21;cz;gigante;0;Studied_word;40;0
21;cz;grattacielo;1;Studied_word;44;1
21;cz;inchiostro;1;Studied_word;45;1
21;cz;inquinamento;1;Studied_word;46;1
21;cz;luce;1;Studied_word;53;1
21;cz;pioggia;0;Studied_word;68;0
21;cz;pipa;1;Studied_word;69;1
21;cz;piuma;1;Studied_word;70;1
21;cz;polizia;1;Studied_word;72;1
21;cz;polmoni;1;Studied_word;73;1
21;cz;poltrona;1;Studied_word;74;1
21;cz;privata;0;Studied_word;76;0
21;cz;scomoda;1;Studied_word;85;1
21;cz;scuola;1;Studied_word;86;1
21;cz;tavolo;1;Studied_word;89;1
21;cz;tiepido;0;Studied_word;91;0
21;cz;valzer;1;Studied_word;94;1
21;cz;veloce;0;Studied_word;96;0
21;cz;bello;1;Unrelated;11;0
21;cz;caramella;0;Unrelated;17;1
21;cz;crosata;1;Unrelated;21;0
21;cz;dolce;1;Unrelated;25;0
21;cz;dolere;1;Unrelated;26;0
21;cz;donna;1;Unrelated;28;0
21;cz;forza;1;Unrelated;34;0
21;cz;furioso;1;Unrelated;38;0
21;cz;ira;1;Unrelated;47;0
21;cz;malcontento;1;Unrelated;54;0
21;cz;piede;1;Unrelated;67;0
21;cz;rabbia;1;Unrelated;77;0
21;cz;ritmo;0;Unrelated;81;1
21;cz;sapore;1;Unrelated;83;0
21;cz;scarpa;1;Unrelated;84;0
21;cz;uomo;1;Unrelated;93;0
22;cedx;alto;0;Critical_lure;3;1
22;cedx;freddo;0;Critical_lure;35;1
22;cedx;fumo;0;Critical_lure;36;1
22;cedx;giustizia;0;Critical_lure;42;1
22;cedx;lampada;0;Critical_lure;51;1
22;cedx;lento;0;Critical_lure;52;1
22;cedx;penna;0;Critical_lure;64;1
22;cedx;sedia;0;Critical_lure;87;1
22;cedx;basso;1;Studied_word;10;1
22;cedx;calmo;1;Studied_word;14;1
22;cedx;calore;0;Studied_word;15;0
22;cedx;desiderio;1;Studied_word;22;1
22;cedx;equita';0;Studied_word;29;0
22;cedx;ghiaccio;1;Studied_word;39;1
22;cedx;gigante;1;Studied_word;40;1
22;cedx;grattacielo;1;Studied_word;44;1
22;cedx;inchiostro;0;Studied_word;45;0
22;cedx;inquinamento;1;Studied_word;46;1
22;cedx;luce;0;Studied_word;53;0
22;cedx;pioggia;1;Studied_word;68;1
22;cedx;pipa;1;Studied_word;69;1
22;cedx;piuma;1;Studied_word;70;1
22;cedx;polizia;1;Studied_word;72;1
22;cedx;polmoni;0;Studied_word;73;0
22;cedx;poltrona;0;Studied_word;74;0
22;cedx;privata;0;Studied_word;76;0
22;cedx;scomoda;0;Studied_word;85;0
22;cedx;scuola;1;Studied_word;86;1
22;cedx;tavolo;1;Studied_word;89;1
22;cedx;tiepido;1;Studied_word;91;1
22;cedx;valzer;0;Studied_word;94;0
22;cedx;veloce;1;Studied_word;96;1
22;cedx;bello;1;Unrelated;11;0
22;cedx;caramella;1;Unrelated;17;0
22;cedx;crosata;1;Unrelated;21;0
22;cedx;dolce;0;Unrelated;25;1
22;cedx;dolere;1;Unrelated;26;0
22;cedx;donna;1;Unrelated;28;0
22;cedx;forza;1;Unrelated;34;0
22;cedx;furioso;1;Unrelated;38;0
22;cedx;ira;1;Unrelated;47;0
22;cedx;malcontento;1;Unrelated;54;0
22;cedx;piede;1;Unrelated;67;0
22;cedx;rabbia;0;Unrelated;77;1
22;cedx;ritmo;1;Unrelated;81;0
22;cedx;sapore;1;Unrelated;83;0
22;cedx;scarpa;0;Unrelated;84;1
22;cedx;uomo;0;Unrelated;93;1
22;cz;ago;0;Critical_lure;1;1
22;cz;amaro;0;Critical_lure;4;1
22;cz;bandiera;0;Critical_lure;8;1
22;cz;fiume;0;Critical_lure;31;1
22;cz;ladro;0;Critical_lure;50;1
22;cz;musica;1;Critical_lure;60;0
22;cz;ragno;0;Critical_lure;79;1
22;cz;soffice;1;Critical_lure;88;0
22;cz;alcolico;1;Studied_word;2;1
22;cz;arpa;1;Studied_word;5;1
22;cz;assassino;1;Studied_word;6;1
22;cz;asta;1;Studied_word;7;1
22;cz;bandito;0;Studied_word;9;0
22;cz;cammello;1;Studied_word;16;1
22;cz;concerto;1;Studied_word;19;1
22;cz;corrente;1;Studied_word;20;1
22;cz;digerire;1;Studied_word;23;1
22;cz;dolce;1;Studied_word;24;1
22;cz;dolore;0;Studied_word;27;0
22;cz;filo;1;Studied_word;30;1
22;cz;foce;1;Studied_word;32;1
22;cz;furfante;1;Studied_word;37;1
22;cz;italia;1;Studied_word;48;1
22;cz;italiana;1;Studied_word;49;1
22;cz;materasso;1;Studied_word;56;1
22;cz;morbido;1;Studied_word;58;1
22;cz;mosca;1;Studied_word;59;1
22;cz;nota;0;Studied_word;61;0
22;cz;pesce;1;Studied_word;65;1
22;cz;piume;1;Studied_word;71;1
22;cz;tela;1;Studied_word;90;1
22;cz;velenoso;0;Studied_word;95;0
22;cz;bucata;1;Unrelated;12;0
22;cz;caldo;1;Unrelated;13;0
22;cz;carina;1;Unrelated;18;0
22;cz;forno;1;Unrelated;33;0
22;cz;giovane;1;Unrelated;41;0
22;cz;gomma;1;Unrelated;43;0
22;cz;masticare;1;Unrelated;55;0
22;cz;monarchia;1;Unrelated;57;0
22;cz;pane;0;Unrelated;62;1
22;cz;pasta;1;Unrelated;63;0
22;cz;piacevole;1;Unrelated;66;0
22;cz;potere;1;Unrelated;75;0
22;cz;ragazza;1;Unrelated;78;0
22;cz;re;1;Unrelated;80;0
22;cz;ruota;1;Unrelated;82;0
22;cz;trono;1;Unrelated;92;0
23;cedx;ago;1;Critical_lure;1;0
23;cedx;amaro;0;Critical_lure;4;1
23;cedx;bandiera;0;Critical_lure;8;1
23;cedx;fiume;0;Critical_lure;31;1
23;cedx;ladro;0;Critical_lure;50;1
23;cedx;musica;1;Critical_lure;60;0
23;cedx;ragno;0;Critical_lure;79;1
23;cedx;soffice;1;Critical_lure;88;0
23;cedx;alcolico;0;Studied_word;2;0
23;cedx;arpa;1;Studied_word;5;1
23;cedx;assassino;1;Studied_word;6;1
23;cedx;asta;1;Studied_word;7;1
23;cedx;bandito;1;Studied_word;9;1
23;cedx;cammello;1;Studied_word;16;1
23;cedx;concerto;1;Studied_word;19;1
23;cedx;corrente;0;Studied_word;20;0
23;cedx;digerire;1;Studied_word;23;1
23;cedx;dolce;1;Studied_word;24;1
23;cedx;dolore;1;Studied_word;27;1
23;cedx;filo;0;Studied_word;30;0
23;cedx;foce;1;Studied_word;32;1
23;cedx;furfante;1;Studied_word;37;1
23;cedx;italia;1;Studied_word;48;1
23;cedx;italiana;1;Studied_word;49;1
23;cedx;materasso;1;Studied_word;56;1
23;cedx;morbido;1;Studied_word;58;1
23;cedx;mosca;1;Studied_word;59;1
23;cedx;nota;1;Studied_word;61;1
23;cedx;pesce;1;Studied_word;65;1
23;cedx;piume;1;Studied_word;71;1
23;cedx;tela;1;Studied_word;90;1
23;cedx;velenoso;1;Studied_word;95;1
23;cedx;bucata;1;Unrelated;12;0
23;cedx;caldo;1;Unrelated;13;0
23;cedx;carina;1;Unrelated;18;0
23;cedx;forno;1;Unrelated;33;0
23;cedx;giovane;1;Unrelated;41;0
23;cedx;gomma;1;Unrelated;43;0
23;cedx;masticare;1;Unrelated;55;0
23;cedx;monarchia;1;Unrelated;57;0
23;cedx;pane;1;Unrelated;62;0
23;cedx;pasta;1;Unrelated;63;0
23;cedx;piacevole;1;Unrelated;66;0
23;cedx;potere;1;Unrelated;75;0
23;cedx;ragazza;1;Unrelated;78;0
23;cedx;re;1;Unrelated;80;0
23;cedx;ruota;1;Unrelated;82;0
23;cedx;trono;1;Unrelated;92;0
23;cz;alto;1;Critical_lure;3;0
23;cz;freddo;0;Critical_lure;35;1
23;cz;fumo;0;Critical_lure;36;1
23;cz;giustizia;0;Critical_lure;42;1
23;cz;lampada;0;Critical_lure;51;1
23;cz;lento;0;Critical_lure;52;1
23;cz;penna;1;Critical_lure;64;0
23;cz;sedia;1;Critical_lure;87;0
23;cz;basso;1;Studied_word;10;1
23;cz;calmo;1;Studied_word;14;1
23;cz;calore;1;Studied_word;15;1
23;cz;desiderio;1;Studied_word;22;1
23;cz;equita';1;Studied_word;29;1
23;cz;ghiaccio;1;Studied_word;39;1
23;cz;gigante;1;Studied_word;40;1
23;cz;grattacielo;1;Studied_word;44;1
23;cz;inchiostro;1;Studied_word;45;1
23;cz;inquinamento;1;Studied_word;46;1
23;cz;luce;1;Studied_word;53;1
23;cz;pioggia;1;Studied_word;68;1
23;cz;pipa;1;Studied_word;69;1
23;cz;piuma;1;Studied_word;70;1
23;cz;polizia;1;Studied_word;72;1
23;cz;polmoni;1;Studied_word;73;1
23;cz;poltrona;1;Studied_word;74;1
23;cz;privata;1;Studied_word;76;1
23;cz;scomoda;1;Studied_word;85;1
23;cz;scuola;1;Studied_word;86;1
23;cz;tavolo;1;Studied_word;89;1
23;cz;tiepido;1;Studied_word;91;1
23;cz;valzer;1;Studied_word;94;1
23;cz;veloce;0;Studied_word;96;0
23;cz;bello;1;Unrelated;11;0
23;cz;caramella;1;Unrelated;17;0
23;cz;crosata;1;Unrelated;21;0
23;cz;dolce;1;Unrelated;25;0
23;cz;dolere;1;Unrelated;26;0
23;cz;donna;1;Unrelated;28;0
23;cz;forza;0;Unrelated;34;1
23;cz;furioso;1;Unrelated;38;0
23;cz;ira;1;Unrelated;47;0
23;cz;malcontento;1;Unrelated;54;0
23;cz;piede;1;Unrelated;67;0
23;cz;rabbia;0;Unrelated;77;1
23;cz;ritmo;1;Unrelated;81;0
23;cz;sapore;1;Unrelated;83;0
23;cz;scarpa;1;Unrelated;84;0
23;cz;uomo;1;Unrelated;93;0
24;cedx;ago;0;Critical_lure;1;1
24;cedx;amaro;0;Critical_lure;4;1
24;cedx;bandiera;0;Critical_lure;8;1
24;cedx;fiume;0;Critical_lure;31;1
24;cedx;ladro;1;Critical_lure;50;0
24;cedx;musica;1;Critical_lure;60;0
24;cedx;ragno;1;Critical_lure;79;0
24;cedx;soffice;0;Critical_lure;88;1
24;cedx;alcolico;1;Studied_word;2;1
24;cedx;arpa;1;Studied_word;5;1
24;cedx;assassino;1;Studied_word;6;1
24;cedx;asta;1;Studied_word;7;1
24;cedx;bandito;0;Studied_word;9;0
24;cedx;cammello;0;Studied_word;16;0
24;cedx;concerto;1;Studied_word;19;1
24;cedx;corrente;0;Studied_word;20;0
24;cedx;digerire;0;Studied_word;23;0
24;cedx;dolce;1;Studied_word;24;1
24;cedx;dolore;0;Studied_word;27;0
24;cedx;filo;1;Studied_word;30;1
24;cedx;foce;1;Studied_word;32;1
24;cedx;furfante;1;Studied_word;37;1
24;cedx;italia;1;Studied_word;48;1
24;cedx;italiana;1;Studied_word;49;1
24;cedx;materasso;1;Studied_word;56;1
24;cedx;morbido;1;Studied_word;58;1
24;cedx;mosca;1;Studied_word;59;1
24;cedx;nota;0;Studied_word;61;0
24;cedx;pesce;1;Studied_word;65;1
24;cedx;piume;1;Studied_word;71;1
24;cedx;tela;1;Studied_word;90;1
24;cedx;velenoso;1;Studied_word;95;1
24;cedx;bucata;1;Unrelated;12;0
24;cedx;caldo;0;Unrelated;13;1
24;cedx;carina;1;Unrelated;18;0
24;cedx;forno;1;Unrelated;33;0
24;cedx;giovane;1;Unrelated;41;0
24;cedx;gomma;1;Unrelated;43;0
24;cedx;masticare;0;Unrelated;55;1
24;cedx;monarchia;1;Unrelated;57;0
24;cedx;pane;1;Unrelated;62;0
24;cedx;pasta;1;Unrelated;63;0
24;cedx;piacevole;0;Unrelated;66;1
24;cedx;potere;1;Unrelated;75;0
24;cedx;ragazza;1;Unrelated;78;0
24;cedx;re;1;Unrelated;80;0
24;cedx;ruota;1;Unrelated;82;0
24;cedx;trono;1;Unrelated;92;0
24;cz;alto;0;Critical_lure;3;1
24;cz;freddo;1;Critical_lure;35;0
24;cz;fumo;0;Critical_lure;36;1
24;cz;giustizia;1;Critical_lure;42;0
24;cz;lampada;0;Critical_lure;51;1
24;cz;lento;0;Critical_lure;52;1
24;cz;penna;0;Critical_lure;64;1
24;cz;sedia;1;Critical_lure;87;0
24;cz;basso;1;Studied_word;10;1
24;cz;calmo;1;Studied_word;14;1
24;cz;calore;0;Studied_word;15;0
24;cz;desiderio;0;Studied_word;22;0
24;cz;equita';0;Studied_word;29;0
24;cz;ghiaccio;1;Studied_word;39;1
24;cz;gigante;1;Studied_word;40;1
24;cz;grattacielo;1;Studied_word;44;1
24;cz;inchiostro;1;Studied_word;45;1
24;cz;inquinamento;1;Studied_word;46;1
24;cz;luce;1;Studied_word;53;1
24;cz;pioggia;1;Studied_word;68;1
24;cz;pipa;1;Studied_word;69;1
24;cz;piuma;1;Studied_word;70;1
24;cz;polizia;1;Studied_word;72;1
24;cz;polmoni;1;Studied_word;73;1
24;cz;poltrona;1;Studied_word;74;1
24;cz;privata;0;Studied_word;76;0
24;cz;scomoda;1;Studied_word;85;1
24;cz;scuola;1;Studied_word;86;1
24;cz;tavolo;1;Studied_word;89;1
24;cz;tiepido;0;Studied_word;91;0
24;cz;valzer;1;Studied_word;94;1
24;cz;veloce;1;Studied_word;96;1
24;cz;bello;1;Unrelated;11;0
24;cz;caramella;1;Unrelated;17;0
24;cz;crosata;1;Unrelated;21;0
24;cz;dolce;1;Unrelated;25;0
24;cz;dolere;1;Unrelated;26;0
24;cz;donna;1;Unrelated;28;0
24;cz;forza;1;Unrelated;34;0
24;cz;furioso;1;Unrelated;38;0
24;cz;ira;1;Unrelated;47;0
24;cz;malcontento;1;Unrelated;54;0
24;cz;piede;1;Unrelated;67;0
24;cz;rabbia;1;Unrelated;77;0
24;cz;ritmo;1;Unrelated;81;0
24;cz;sapore;1;Unrelated;83;0
24;cz;scarpa;1;Unrelated;84;0
24;cz;uomo;1;Unrelated;93;0